step,sigma,unweighted_mse
501,0.3564,0.01643
501,0.2901,0.01338
501,0.6034,0.03745
501,0.0305,0.00045
501,0.6549,0.04031
501,0.5097,0.02367
501,1.6694,0.12007
501,1.3831,0.08672
502,0.2120,0.00693
502,0.6842,0.03550
502,0.1376,0.00285
502,0.3912,0.01742
502,0.1610,0.00559
502,0.4974,0.01876
502,0.0666,0.00133
502,0.1834,0.00408
503,0.2457,0.00824
503,0.6269,0.02412
503,0.0853,0.00172
503,2.3646,0.18605
503,0.4104,0.01920
503,0.1095,0.00280
503,0.0566,0.00092
503,0.2401,0.00900
504,1.0232,0.05425
504,1.5558,0.05220
504,0.2873,0.01104
504,0.0510,0.00060
504,0.3850,0.01730
504,0.3427,0.01099
504,0.2076,0.00743
504,0.0643,0.00079
505,0.3230,0.00976
505,0.8089,0.03733
505,0.1648,0.00516
505,0.8109,0.05040
505,0.1106,0.00342
505,0.1932,0.00758
505,1.5046,0.07323
505,0.2644,0.01048
506,0.5762,0.02630
506,0.7915,0.05128
506,0.7374,0.01693
506,0.2888,0.01071
506,0.3013,0.01068
506,1.5214,0.11009
506,0.2002,0.00719
506,0.2349,0.00915
507,0.0330,0.00050
507,0.1377,0.00367
507,1.1530,0.05199
507,3.4415,0.16930
507,0.6482,0.02598
507,1.5838,0.08869
507,0.2977,0.00962
507,0.0255,0.00026
508,0.0523,0.00092
508,0.0555,0.00073
508,0.3240,0.01574
508,1.1836,0.04457
508,0.7821,0.02769
508,0.2178,0.00852
508,2.9780,0.23101
508,0.1195,0.00290
509,0.2912,0.01799
509,0.6047,0.02246
509,0.0911,0.00189
509,0.9660,0.04468
509,0.3843,0.01129
509,0.3166,0.01528
509,0.2403,0.00858
509,1.1717,0.04381
510,0.1752,0.00480
510,0.2536,0.00982
510,0.8818,0.05654
510,0.1949,0.00559
510,0.6332,0.03602
510,0.2856,0.00642
510,0.4578,0.03251
510,0.0769,0.00118
511,0.1686,0.00484
511,0.6227,0.02472
511,0.5020,0.01572
511,0.4420,0.01905
511,0.1899,0.00455
511,0.1053,0.00225
511,0.3785,0.01623
511,0.0762,0.00154
512,0.7487,0.02317
512,1.0247,0.08273
512,0.1154,0.00225
512,0.2854,0.01021
512,0.2710,0.01238
512,0.2213,0.00621
512,0.1228,0.00287
512,0.0957,0.00238
513,0.0817,0.00167
513,0.1625,0.00411
513,0.1283,0.00278
513,0.0887,0.00181
513,1.2055,0.05663
513,0.5687,0.02382
513,0.6300,0.03459
513,0.2759,0.01008
514,1.0327,0.06569
514,0.2694,0.01390
514,0.5676,0.01974
514,1.0200,0.07339
514,2.3941,0.07850
514,0.1991,0.00543
514,0.0055,0.00002
514,10.5965,0.25673
515,0.2846,0.01218
515,0.5198,0.01738
515,0.1359,0.00424
515,0.0723,0.00175
515,0.3682,0.02303
515,0.6583,0.03088
515,0.0587,0.00098
515,0.2197,0.00821
516,0.1495,0.00524
516,0.1077,0.00238
516,0.7340,0.05492
516,2.1215,0.11664
516,0.2765,0.00873
516,0.1467,0.00378
516,0.8045,0.03592
516,0.0422,0.00061
517,0.6529,0.02548
517,0.0994,0.00177
517,0.7207,0.03589
517,0.5527,0.02547
517,0.7042,0.03672
517,0.3598,0.01056
517,0.0258,0.00028
517,0.4035,0.01576
518,0.1321,0.00416
518,0.3419,0.01017
518,0.2486,0.00847
518,0.2293,0.00798
518,1.4566,0.07468
518,2.1742,0.27995
518,2.0219,0.17004
518,0.3521,0.01575
519,0.1330,0.00452
519,0.3103,0.01297
519,0.2377,0.00992
519,1.3179,0.06740
519,1.8971,0.16379
519,1.0319,0.03663
519,0.1559,0.00384
519,0.2137,0.00518
520,0.0701,0.00136
520,0.4166,0.01981
520,0.1680,0.00361
520,0.8853,0.05255
520,0.4495,0.01488
520,0.0682,0.00142
520,2.4877,0.14498
520,0.1535,0.00449
521,0.4031,0.01788
521,1.1247,0.06119
521,0.0234,0.00031
521,0.0961,0.00228
521,0.2025,0.00721
521,0.0470,0.00092
521,0.2721,0.00887
521,0.5229,0.01939
522,2.0670,0.09777
522,0.5942,0.02422
522,0.0907,0.00170
522,0.4369,0.01364
522,0.3277,0.01013
522,0.0744,0.00092
522,0.1720,0.00513
522,0.1931,0.00388
523,0.4729,0.01353
523,0.4370,0.01645
523,0.7000,0.03066
523,0.1267,0.00423
523,0.5529,0.02223
523,0.3803,0.00624
523,0.3486,0.00936
523,0.0190,0.00017
524,0.0776,0.00101
524,0.5740,0.01987
524,0.1355,0.00410
524,0.5384,0.02311
524,0.0811,0.00182
524,0.5543,0.02728
524,0.5083,0.03100
524,2.0563,0.15256
525,2.1319,0.14313
525,0.4979,0.02944
525,0.0604,0.00103
525,0.5234,0.01638
525,0.5994,0.03139
525,0.1760,0.00700
525,0.3933,0.02065
525,0.0449,0.00067
526,0.7549,0.03273
526,0.7397,0.03517
526,0.3509,0.01208
526,0.5256,0.01450
526,0.7412,0.02867
526,0.6416,0.02907
526,2.6511,0.21100
526,0.3069,0.01468
527,0.4995,0.02214
527,0.3588,0.01355
527,0.4642,0.01370
527,0.6939,0.05103
527,0.1686,0.00700
527,1.2927,0.06404
527,0.2399,0.00860
527,0.1489,0.00287
528,0.4664,0.02143
528,0.7501,0.04402
528,0.6632,0.03256
528,0.1245,0.00385
528,0.0906,0.00195
528,2.0639,0.11485
528,1.1853,0.02716
528,0.2056,0.00869
529,0.5384,0.01598
529,0.0909,0.00234
529,0.0510,0.00063
529,0.1569,0.00473
529,0.3214,0.01059
529,0.3575,0.01443
529,0.2282,0.00649
529,0.4904,0.02302
530,0.0951,0.00184
530,0.0856,0.00103
530,0.1231,0.00244
530,1.8829,0.09217
530,0.3154,0.01122
530,0.0838,0.00159
530,0.2324,0.00480
530,0.1089,0.00347
531,0.0875,0.00166
531,1.1275,0.07806
531,0.1070,0.00296
531,0.5698,0.01544
531,0.3253,0.01315
531,0.0255,0.00022
531,0.1516,0.00506
531,0.2331,0.00793
532,0.2506,0.00750
532,0.4822,0.01413
532,1.0568,0.03075
532,0.4496,0.01354
532,0.4475,0.01743
532,0.1431,0.00429
532,0.0697,0.00118
532,0.5145,0.02205
533,0.1979,0.00604
533,1.0699,0.06582
533,0.1714,0.00500
533,0.2689,0.00876
533,0.0425,0.00067
533,0.0743,0.00153
533,0.2920,0.01300
533,0.4932,0.00975
534,0.0545,0.00121
534,2.3374,0.22357
534,0.3393,0.02675
534,0.1057,0.00289
534,0.1571,0.00468
534,0.1581,0.00369
534,0.1677,0.00502
534,0.6221,0.02170
535,0.3103,0.00633
535,1.1240,0.06838
535,2.9984,0.14111
535,1.0130,0.01718
535,1.1683,0.04521
535,0.6441,0.02752
535,0.1366,0.00439
535,0.2161,0.00986
536,0.3435,0.01452
536,0.3727,0.01819
536,1.1952,0.06881
536,0.0546,0.00077
536,0.2863,0.00551
536,1.5395,0.09899
536,0.3230,0.01309
536,0.0579,0.00074
537,0.2218,0.00920
537,0.1267,0.00315
537,0.0994,0.00153
537,0.3601,0.01881
537,0.3401,0.00846
537,0.3024,0.00628
537,0.4953,0.01833
537,0.0511,0.00052
538,0.4922,0.02090
538,0.0691,0.00125
538,0.1239,0.00346
538,1.2318,0.03606
538,0.9510,0.02380
538,1.2135,0.05662
538,0.0961,0.00185
538,0.0716,0.00122
539,0.0632,0.00144
539,0.0450,0.00054
539,0.6689,0.02858
539,0.1259,0.00388
539,0.2370,0.01044
539,0.2191,0.00795
539,0.5115,0.01056
539,0.4362,0.01719
540,0.9732,0.05372
540,2.1280,0.18000
540,0.2136,0.00818
540,2.8707,0.12624
540,0.0648,0.00155
540,2.8461,0.13056
540,0.4408,0.01567
540,0.1157,0.00303
541,0.1208,0.00295
541,0.1680,0.00575
541,0.7744,0.04122
541,0.3515,0.00854
541,0.3588,0.01448
541,3.5207,0.17006
541,0.4468,0.02320
541,1.1236,0.05090
542,0.0477,0.00092
542,0.2014,0.00570
542,0.0313,0.00049
542,0.1855,0.00543
542,16.2188,0.29330
542,0.6900,0.02379
542,0.1903,0.00437
542,0.2240,0.00669
543,0.0487,0.00075
543,0.3751,0.01083
543,0.1290,0.00370
543,0.0707,0.00075
543,0.5689,0.02383
543,0.0681,0.00100
543,2.2535,0.09197
543,0.4495,0.01009
544,0.7380,0.03479
544,0.5718,0.03271
544,0.7484,0.04936
544,0.3193,0.01399
544,0.3147,0.01465
544,1.0461,0.06029
544,0.9391,0.05044
544,0.6932,0.04028
545,0.4848,0.01949
545,0.0475,0.00063
545,0.3143,0.01287
545,1.4457,0.08046
545,0.4093,0.02492
545,0.2424,0.00716
545,0.1060,0.00269
545,0.0178,0.00015
546,2.4328,0.10549
546,0.0768,0.00064
546,2.1996,0.09780
546,0.1979,0.00445
546,0.0587,0.00098
546,0.0082,0.00004
546,0.0207,0.00018
546,0.4056,0.01758
547,0.6499,0.02625
547,3.2630,0.25149
547,2.1890,0.10956
547,0.0835,0.00127
547,0.2753,0.00908
547,0.6736,0.02802
547,0.0729,0.00125
547,0.1041,0.00252
548,0.2807,0.00633
548,0.8685,0.05309
548,0.0260,0.00027
548,0.5672,0.02444
548,0.4657,0.02317
548,2.3414,0.20436
548,3.9471,0.24036
548,0.0862,0.00136
549,0.0948,0.00243
549,0.7074,0.02701
549,0.0878,0.00169
549,0.9889,0.05256
549,0.7095,0.01653
549,0.4450,0.01746
549,1.6183,0.09570
549,0.2097,0.00663
550,0.1003,0.00203
550,2.3894,0.13475
550,0.1936,0.00735
550,0.9220,0.05186
550,0.5330,0.01811
550,0.3898,0.00829
550,0.1107,0.00246
550,1.4207,0.07259
551,0.2194,0.00454
551,0.1317,0.00426
551,0.3578,0.01141
551,0.5752,0.03036
551,0.5155,0.02012
551,1.3138,0.02588
551,0.9090,0.05066
551,4.6492,0.21683
552,0.0186,0.00014
552,0.0503,0.00078
552,0.4007,0.01377
552,0.4290,0.01633
552,0.3405,0.01377
552,0.5684,0.01721
552,0.1936,0.00727
552,0.4838,0.01809
553,0.0597,0.00139
553,0.5261,0.03439
553,0.1111,0.00236
553,0.1270,0.00322
553,0.0092,0.00005
553,0.0183,0.00010
553,0.3276,0.01463
553,0.6043,0.04241
554,0.0254,0.00015
554,0.5821,0.02183
554,0.4485,0.01847
554,0.6914,0.03364
554,1.0408,0.09320
554,0.9670,0.03435
554,0.9714,0.05517
554,0.0324,0.00024
555,1.0640,0.03583
555,0.2484,0.00795
555,0.1860,0.00487
555,1.2404,0.02222
555,0.3102,0.01058
555,0.4800,0.02092
555,0.1713,0.00631
555,0.6858,0.02362
556,0.1939,0.00825
556,2.1366,0.11747
556,0.0947,0.00180
556,0.2902,0.01265
556,0.0536,0.00087
556,0.0110,0.00007
556,0.2005,0.00427
556,0.1809,0.00418
557,0.1059,0.00218
557,0.3912,0.01045
557,0.1326,0.00293
557,0.0616,0.00090
557,0.7133,0.03037
557,1.4817,0.03458
557,0.0705,0.00167
557,3.0927,0.07226
558,0.3268,0.00985
558,1.9818,0.13240
558,0.3461,0.01515
558,0.9445,0.06449
558,0.1689,0.00559
558,0.1733,0.00551
558,0.4154,0.01597
558,0.3167,0.01357
559,2.0070,0.14494
559,0.0379,0.00055
559,1.1754,0.05759
559,0.4901,0.01118
559,0.1951,0.00452
559,3.4044,0.21903
559,0.0836,0.00156
559,0.1666,0.00494
560,1.8494,0.10614
560,0.3322,0.01442
560,12.2819,0.18730
560,0.1996,0.00664
560,1.5440,0.03029
560,0.7169,0.03907
560,0.6443,0.03088
560,1.2766,0.11705
561,0.3720,0.01312
561,0.5678,0.02801
561,0.0489,0.00054
561,0.1933,0.00624
561,0.0665,0.00096
561,0.2151,0.00815
561,0.0597,0.00074
561,0.4439,0.01549
562,0.2703,0.00795
562,0.4269,0.01948
562,0.0886,0.00166
562,0.1279,0.00328
562,0.4361,0.01528
562,0.9686,0.05232
562,0.1934,0.00584
562,0.2705,0.01284
563,0.1983,0.00703
563,0.0832,0.00191
563,0.1911,0.00526
563,1.7929,0.10414
563,0.1144,0.00254
563,0.6711,0.03263
563,0.7906,0.03025
563,0.2509,0.00607
564,0.2731,0.00818
564,0.7872,0.01876
564,0.3144,0.01063
564,0.4937,0.01378
564,0.4446,0.02079
564,0.3274,0.00948
564,0.3913,0.01835
564,1.2890,0.05776
565,0.0702,0.00095
565,0.7392,0.03501
565,0.1302,0.00335
565,1.3370,0.08196
565,0.0854,0.00157
565,1.6352,0.08550
565,0.2724,0.00602
565,1.4385,0.08225
566,0.0717,0.00090
566,0.9969,0.05326
566,1.4764,0.04470
566,0.6935,0.04114
566,0.5357,0.01694
566,0.4714,0.01497
566,0.1219,0.00229
566,4.2177,0.16084
567,0.8128,0.03113
567,0.6009,0.01218
567,0.1144,0.00270
567,1.0740,0.04766
567,0.1165,0.00316
567,0.8086,0.03436
567,0.2788,0.00520
567,0.1413,0.00189
568,0.3008,0.01147
568,0.8200,0.03439
568,0.9681,0.04527
568,0.1497,0.00309
568,0.1936,0.00582
568,0.1824,0.00622
568,0.1638,0.00408
568,0.0342,0.00031
569,0.2651,0.00766
569,0.0687,0.00159
569,0.5027,0.01482
569,1.0812,0.05787
569,0.6808,0.02514
569,0.7069,0.04447
569,2.3682,0.13602
569,0.1034,0.00238
570,0.9421,0.04434
570,1.2886,0.06491
570,0.5273,0.01608
570,0.0490,0.00066
570,1.2106,0.12079
570,0.0097,0.00005
570,0.0321,0.00036
570,3.1456,0.20458
571,0.6769,0.03063
571,0.0733,0.00160
571,0.0156,0.00014
571,0.1711,0.00603
571,0.0849,0.00171
571,0.5693,0.01731
571,1.2247,0.06980
571,0.7829,0.03585
572,0.0986,0.00213
572,0.0660,0.00115
572,0.3632,0.00972
572,4.2373,0.25125
572,0.1411,0.00355
572,0.9832,0.03372
572,0.1279,0.00210
572,0.1066,0.00275
573,0.0779,0.00099
573,0.5835,0.03949
573,0.1260,0.00272
573,0.4293,0.01188
573,0.2532,0.00520
573,0.1495,0.00223
573,0.3693,0.00886
573,0.1404,0.00318
574,0.2304,0.00674
574,0.0251,0.00018
574,0.3398,0.00730
574,0.2174,0.00654
574,0.1487,0.00295
574,0.1866,0.00618
574,0.9759,0.06497
574,0.0897,0.00154
575,2.3886,0.18837
575,0.3655,0.01162
575,0.0499,0.00077
575,0.2251,0.00653
575,0.6827,0.03149
575,2.8040,0.13513
575,0.0795,0.00187
575,0.6474,0.02415
576,1.8887,0.16210
576,0.0312,0.00040
576,0.3659,0.00670
576,0.8581,0.03594
576,0.2793,0.00884
576,0.0657,0.00106
576,0.0978,0.00203
576,0.1575,0.00223
577,0.1200,0.00335
577,0.4952,0.02344
577,0.6135,0.01744
577,0.6513,0.02790
577,0.6690,0.02929
577,0.1634,0.00509
577,2.9594,0.17628
577,0.2636,0.00647
578,0.1483,0.00387
578,0.1288,0.00177
578,0.9317,0.05456
578,0.0391,0.00047
578,0.4085,0.01301
578,0.0935,0.00208
578,1.4313,0.04712
578,0.2713,0.01021
579,0.3589,0.01366
579,5.3081,0.22582
579,0.2216,0.00766
579,0.0872,0.00147
579,0.4514,0.01369
579,0.2908,0.00852
579,0.5249,0.03030
579,0.4896,0.02147
580,0.9888,0.05160
580,0.1695,0.00362
580,0.7366,0.01413
580,4.2622,0.15961
580,0.3687,0.01543
580,0.0186,0.00017
580,0.1229,0.00265
580,0.0539,0.00098
581,0.2694,0.00935
581,0.3562,0.01212
581,1.5189,0.06764
581,0.8958,0.04604
581,0.1165,0.00262
581,0.7484,0.03506
581,1.7782,0.15658
581,0.8286,0.02318
582,2.2967,0.17299
582,1.8285,0.15254
582,0.2080,0.00449
582,0.4772,0.02150
582,0.1348,0.00439
582,0.9030,0.05112
582,0.1203,0.00209
582,0.5409,0.02815
583,0.3037,0.01086
583,0.0330,0.00048
583,0.5494,0.00993
583,0.2413,0.01104
583,0.4307,0.01276
583,0.5774,0.02931
583,0.2832,0.01024
583,0.1741,0.00516
584,0.3972,0.01635
584,0.1480,0.00436
584,1.3425,0.06039
584,1.4538,0.06224
584,0.3062,0.00988
584,0.2012,0.00476
584,0.1744,0.00435
584,0.6499,0.02622
585,3.8601,0.29597
585,0.0606,0.00082
585,0.1338,0.00306
585,2.0391,0.15501
585,0.0676,0.00124
585,1.9712,0.16479
585,0.0565,0.00047
585,0.0414,0.00046
586,0.3515,0.01451
586,0.0793,0.00162
586,0.5491,0.03757
586,0.3586,0.00936
586,0.3071,0.00930
586,0.0843,0.00164
586,0.3632,0.00608
586,0.0437,0.00071
587,0.3084,0.01161
587,0.1070,0.00295
587,0.1138,0.00308
587,0.8373,0.03726
587,0.6325,0.02043
587,1.1997,0.06330
587,0.2107,0.00643
587,0.0346,0.00044
588,0.1016,0.00309
588,1.7066,0.07325
588,0.2917,0.00655
588,2.2137,0.14091
588,4.2021,0.30342
588,0.1522,0.00366
588,0.0155,0.00010
588,0.1869,0.00383
589,2.4368,0.14693
589,5.9630,0.28486
589,0.9668,0.04316
589,0.1728,0.00334
589,1.0865,0.02963
589,0.0472,0.00055
589,0.1962,0.00691
589,0.8583,0.05203
590,0.4658,0.01331
590,0.2696,0.00829
590,0.0823,0.00147
590,0.2833,0.00626
590,0.1550,0.00426
590,0.6922,0.02457
590,0.4654,0.01751
590,0.5064,0.01574
591,0.2137,0.00626
591,0.3340,0.01034
591,0.3659,0.01429
591,3.4476,0.22962
591,0.4290,0.01390
591,0.0136,0.00010
591,0.3230,0.01216
591,0.1565,0.00328
592,1.1711,0.07209
592,0.0826,0.00102
592,0.0541,0.00079
592,0.1351,0.00266
592,0.4129,0.01638
592,0.1238,0.00243
592,2.9678,0.22153
592,0.3151,0.01273
593,0.6303,0.02341
593,1.9530,0.11718
593,0.3217,0.01256
593,0.2588,0.00749
593,0.7278,0.02575
593,0.0598,0.00096
593,0.6039,0.01870
593,0.5820,0.02896
594,0.4389,0.01597
594,0.4098,0.01288
594,0.1379,0.00182
594,0.1067,0.00264
594,0.0407,0.00044
594,0.0689,0.00133
594,0.4482,0.01992
594,0.2395,0.00638
595,0.2235,0.00693
595,2.9143,0.27739
595,0.2390,0.00416
595,0.3253,0.01345
595,0.1263,0.00283
595,0.2247,0.00715
595,0.7864,0.03296
595,0.1029,0.00123
596,0.0446,0.00041
596,0.2208,0.00812
596,0.3408,0.01039
596,2.1593,0.14183
596,0.3450,0.01128
596,0.3527,0.01187
596,0.0724,0.00145
596,0.4121,0.02065
597,0.4447,0.02394
597,0.1905,0.00697
597,0.0838,0.00152
597,0.3776,0.01107
597,0.1302,0.00262
597,0.1652,0.00374
597,0.2862,0.00716
597,0.0916,0.00150
598,0.0983,0.00147
598,0.9442,0.03883
598,0.9541,0.05461
598,0.0804,0.00096
598,0.4085,0.00819
598,0.2896,0.01104
598,0.9950,0.04697
598,0.1389,0.00239
599,0.0353,0.00033
599,0.3719,0.01189
599,0.1237,0.00295
599,0.0630,0.00098
599,0.5715,0.02526
599,0.4506,0.01657
599,0.3645,0.00947
599,1.4728,0.06642
600,0.2116,0.00723
600,1.4638,0.05845
600,0.3263,0.01208
600,1.4085,0.03184
600,0.1093,0.00118
600,0.4255,0.01398
600,0.0754,0.00141
600,0.5229,0.01436
601,0.2569,0.00844
601,0.2390,0.00798
601,1.5399,0.10722
601,0.3452,0.00656
601,1.1598,0.07127
601,1.2460,0.05525
601,0.1099,0.00217
601,0.4078,0.01519
602,1.7094,0.10337
602,0.0901,0.00177
602,0.6718,0.02287
602,0.7789,0.03053
602,0.0965,0.00204
602,0.2656,0.00966
602,3.5697,0.22327
602,0.1945,0.00627
603,1.0123,0.04877
603,0.2498,0.00704
603,0.7829,0.03208
603,1.1102,0.05796
603,0.0406,0.00073
603,0.3823,0.01278
603,0.4887,0.01186
603,0.8492,0.05486
604,0.3354,0.01748
604,0.7044,0.02009
604,1.1022,0.03751
604,0.3847,0.01894
604,0.0929,0.00203
604,0.2292,0.00617
604,0.1305,0.00164
604,0.2575,0.00806
605,0.4077,0.01348
605,0.6920,0.03806
605,0.5373,0.01946
605,0.0490,0.00083
605,0.1783,0.00495
605,0.1988,0.00445
605,0.7319,0.03190
605,0.3753,0.01850
606,2.9903,0.15422
606,0.1601,0.00535
606,0.1169,0.00194
606,0.1371,0.00320
606,0.1277,0.00360
606,0.4507,0.00732
606,0.1125,0.00218
606,0.1190,0.00352
607,0.1714,0.00230
607,0.5875,0.01671
607,0.3185,0.00993
607,0.2382,0.00984
607,0.5909,0.01234
607,0.0828,0.00152
607,0.3034,0.00993
607,1.0795,0.04146
608,0.1163,0.00276
608,1.0105,0.04217
608,0.0519,0.00053
608,0.1669,0.00303
608,0.3558,0.00998
608,0.0302,0.00026
608,1.0324,0.02226
608,0.1109,0.00257
609,0.3416,0.01152
609,0.6992,0.02189
609,1.9553,0.02996
609,0.0800,0.00196
609,0.1659,0.00458
609,0.5213,0.01429
609,0.1688,0.00615
609,0.6291,0.01240
610,1.0435,0.04694
610,0.2292,0.00701
610,0.2632,0.00471
610,0.0260,0.00029
610,0.8939,0.04924
610,0.0411,0.00059
610,0.0400,0.00047
610,0.1421,0.00393
611,0.2221,0.00550
611,0.5073,0.02546
611,0.0726,0.00116
611,0.4024,0.01099
611,0.0686,0.00140
611,0.6359,0.02634
611,1.7123,0.07270
611,0.1041,0.00242
612,0.0726,0.00128
612,0.5336,0.01836
612,0.1682,0.00420
612,1.0767,0.05544
612,0.0257,0.00032
612,0.1603,0.00431
612,2.2762,0.13755
612,0.3657,0.00971
613,2.0818,0.13950
613,0.1191,0.00256
613,0.1826,0.00611
613,2.1025,0.09517
613,0.0264,0.00029
613,4.9491,0.24247
613,0.3926,0.01548
613,0.3715,0.01072
614,0.3146,0.01202
614,0.7395,0.01629
614,0.1030,0.00232
614,0.2467,0.00944
614,1.2346,0.05502
614,0.6791,0.01447
614,0.4587,0.01697
614,0.3789,0.00947
615,0.8174,0.02427
615,0.1547,0.00357
615,0.6757,0.02498
615,0.0381,0.00045
615,0.3643,0.01069
615,0.1858,0.00640
615,0.2850,0.00781
615,0.0461,0.00070
616,0.0732,0.00137
616,0.3940,0.01550
616,0.2329,0.00652
616,0.2918,0.00896
616,0.0579,0.00087
616,2.6680,0.16251
616,0.1354,0.00349
616,0.3604,0.00906
617,0.2887,0.01008
617,0.0927,0.00145
617,0.7147,0.03267
617,0.3614,0.01425
617,0.6006,0.02702
617,4.0960,0.26199
617,1.6485,0.09971
617,3.8064,0.18511
618,0.6033,0.02221
618,0.5186,0.01603
618,2.1924,0.14283
618,0.1022,0.00207
618,0.8504,0.04640
618,0.5248,0.01836
618,1.6311,0.11569
618,0.3744,0.01095
619,0.1013,0.00249
619,0.9689,0.05389
619,1.6870,0.05213
619,0.5005,0.01320
619,0.2394,0.00731
619,0.0385,0.00037
619,1.4614,0.08824
619,0.2011,0.00369
620,2.5743,0.23728
620,1.4117,0.10313
620,0.9568,0.04532
620,0.1586,0.00463
620,0.2279,0.00740
620,0.0538,0.00088
620,0.3434,0.01294
620,0.9036,0.02953
621,0.8034,0.04224
621,0.0838,0.00101
621,0.0558,0.00081
621,0.1078,0.00277
621,0.6457,0.01823
621,0.8435,0.02538
621,0.1385,0.00389
621,0.1013,0.00203
622,0.4705,0.01648
622,0.8001,0.03136
622,0.1280,0.00212
622,0.3649,0.01524
622,0.2908,0.00555
622,0.1988,0.00432
622,0.2164,0.00501
622,0.1919,0.00367
623,0.1410,0.00350
623,1.3306,0.09207
623,0.6454,0.02328
623,0.1754,0.00648
623,1.4706,0.05547
623,0.0384,0.00047
623,0.6434,0.02328
623,0.1352,0.00337
624,0.3604,0.00957
624,0.3093,0.01095
624,0.2734,0.00576
624,0.1221,0.00323
624,0.4884,0.02267
624,0.5214,0.00859
624,0.0903,0.00163
624,0.9009,0.04457
625,0.7646,0.04046
625,0.1627,0.00472
625,0.0825,0.00167
625,0.3211,0.01518
625,0.2101,0.00816
625,0.3964,0.01084
625,0.1521,0.00408
625,0.2114,0.00613
626,2.2662,0.11628
626,0.1738,0.00608
626,0.2316,0.00820
626,0.9248,0.04882
626,0.2773,0.00778
626,0.2815,0.00577
626,0.5036,0.01501
626,0.1877,0.00332
627,0.1759,0.00382
627,0.0938,0.00205
627,0.1349,0.00179
627,0.0255,0.00021
627,0.0303,0.00031
627,0.4063,0.01156
627,0.5994,0.02104
627,0.1014,0.00221
628,2.3941,0.10461
628,0.1419,0.00307
628,0.8935,0.04271
628,0.3686,0.00603
628,0.4790,0.02192
628,0.1592,0.00463
628,0.3875,0.00909
628,0.5142,0.02593
629,0.5208,0.02273
629,0.4938,0.02043
629,0.0947,0.00194
629,1.2904,0.10597
629,0.1755,0.00419
629,0.1632,0.00364
629,0.4657,0.02052
629,0.3919,0.01638
630,0.2814,0.00843
630,0.1008,0.00272
630,2.0164,0.18816
630,0.0497,0.00092
630,0.6053,0.03108
630,0.2269,0.00604
630,0.2217,0.00648
630,0.1700,0.00501
631,0.1104,0.00271
631,0.0969,0.00194
631,1.4752,0.04866
631,0.4828,0.01113
631,0.7848,0.03114
631,1.3053,0.10699
631,0.6613,0.01109
631,0.1357,0.00379
632,0.2531,0.00547
632,0.7262,0.03940
632,0.3499,0.01217
632,0.1134,0.00277
632,0.4083,0.01091
632,1.5551,0.06457
632,1.1444,0.04204
632,0.4034,0.01395
633,0.0845,0.00141
633,0.1684,0.00417
633,0.4276,0.01286
633,0.2956,0.00853
633,0.1341,0.00279
633,0.1454,0.00326
633,0.2925,0.00811
633,0.6266,0.01485
634,0.1689,0.00558
634,0.5776,0.03154
634,0.3621,0.00977
634,0.2752,0.00824
634,0.1471,0.00272
634,0.0961,0.00194
634,0.1577,0.00552
634,0.6151,0.01851
635,0.2388,0.00879
635,0.1608,0.00387
635,0.1042,0.00128
635,0.5318,0.01978
635,0.5740,0.02172
635,0.3108,0.00789
635,0.2184,0.00542
635,1.8044,0.11963
636,0.0608,0.00097
636,0.3945,0.01982
636,0.2583,0.00689
636,0.5279,0.02083
636,0.0445,0.00064
636,0.2305,0.00935
636,0.1326,0.00286
636,0.0282,0.00029
637,0.0717,0.00099
637,0.6434,0.02892
637,0.7537,0.03624
637,1.1432,0.05254
637,0.0667,0.00072
637,1.1208,0.04637
637,0.1401,0.00312
637,1.1247,0.06380
638,0.1596,0.00279
638,0.2757,0.01112
638,0.2813,0.00731
638,0.2243,0.00665
638,0.4976,0.02096
638,0.1001,0.00211
638,0.3876,0.01662
638,1.7025,0.09085
639,0.0472,0.00035
639,0.2053,0.00552
639,0.4786,0.01200
639,0.0425,0.00065
639,0.1200,0.00306
639,0.5234,0.02091
639,0.2046,0.00683
639,4.0568,0.16620
640,0.0579,0.00080
640,0.4074,0.01395
640,0.3718,0.01496
640,0.0318,0.00028
640,0.8990,0.04883
640,0.0754,0.00093
640,0.1903,0.00561
640,1.9572,0.14147
641,0.2792,0.00735
641,0.2727,0.00697
641,0.8728,0.04059
641,2.0354,0.12616
641,0.3178,0.01014
641,0.4995,0.02545
641,1.6445,0.07911
641,0.8024,0.02700
642,0.2112,0.00428
642,0.0724,0.00143
642,1.8124,0.09932
642,1.1057,0.04191
642,0.0904,0.00161
642,0.0602,0.00080
642,0.2637,0.00896
642,0.2011,0.00471
643,0.2006,0.00446
643,0.2915,0.00898
643,0.7257,0.02466
643,0.0685,0.00109
643,0.3780,0.00996
643,0.8289,0.02296
643,0.3136,0.00683
643,0.3989,0.01385
644,1.0990,0.03870
644,0.9362,0.03860
644,0.1993,0.00574
644,2.8664,0.12743
644,0.0686,0.00102
644,0.8376,0.03670
644,2.0668,0.09699
644,0.4888,0.02267
645,0.0428,0.00029
645,0.6042,0.02542
645,4.4278,0.19758
645,4.6010,0.23224
645,3.0636,0.11121
645,0.0495,0.00078
645,0.0999,0.00126
645,1.5703,0.03966
646,0.2743,0.01572
646,0.1000,0.00108
646,0.1354,0.00317
646,0.3167,0.00669
646,0.3564,0.01226
646,1.8577,0.10284
646,0.1210,0.00233
646,0.1969,0.00571
647,0.1358,0.00325
647,0.6457,0.02948
647,0.0481,0.00062
647,1.0112,0.05467
647,0.3015,0.00727
647,0.6658,0.02236
647,4.2698,0.17199
647,0.2089,0.00743
648,0.8080,0.03228
648,0.0903,0.00195
648,0.1276,0.00279
648,0.1855,0.00352
648,0.9563,0.05024
648,0.0267,0.00025
648,0.6101,0.02788
648,0.7797,0.03221
649,0.1288,0.00281
649,0.1383,0.00549
649,0.2795,0.00698
649,0.3948,0.00614
649,0.2477,0.00477
649,4.0664,0.15020
649,0.1681,0.00416
649,0.4693,0.01553
650,0.0349,0.00049
650,0.5044,0.02112
650,1.1719,0.07554
650,0.4491,0.01101
650,0.2152,0.00527
650,0.7567,0.02925
650,0.1931,0.00386
650,0.2148,0.00516
651,0.1388,0.00239
651,5.0417,0.32182
651,0.1378,0.00274
651,0.0170,0.00011
651,0.1845,0.00218
651,0.0883,0.00135
651,0.1824,0.00506
651,0.0822,0.00148
652,0.7117,0.01608
652,0.3232,0.00996
652,0.7925,0.02570
652,1.8565,0.10953
652,0.1660,0.00407
652,0.1497,0.00435
652,1.3941,0.06003
652,0.0124,0.00009
653,0.1777,0.00592
653,2.3589,0.09512
653,0.7830,0.04520
653,0.9456,0.03556
653,0.4360,0.01140
653,1.3307,0.08129
653,0.1792,0.00481
653,0.1639,0.00526
654,0.3453,0.01356
654,0.5117,0.01877
654,0.0216,0.00020
654,0.2275,0.00841
654,0.3615,0.01314
654,0.1760,0.00391
654,0.2109,0.00520
654,0.0397,0.00042
655,0.3084,0.00781
655,0.2767,0.00892
655,0.2039,0.00648
655,0.4338,0.01110
655,0.3799,0.00755
655,1.4909,0.08726
655,0.8995,0.03279
655,0.8119,0.03309
656,0.1004,0.00200
656,0.0181,0.00013
656,0.1294,0.00226
656,0.8455,0.03485
656,0.7149,0.02917
656,0.0242,0.00017
656,0.0665,0.00119
656,0.1778,0.00321
657,0.2689,0.00871
657,0.0653,0.00080
657,0.2964,0.00867
657,0.4163,0.01282
657,0.3976,0.01379
657,0.4767,0.01408
657,0.5433,0.02424
657,0.2035,0.00572
658,0.6448,0.03330
658,0.3444,0.01376
658,0.2574,0.00767
658,0.0625,0.00106
658,0.0258,0.00027
658,0.5333,0.01871
658,1.0966,0.05389
658,0.0528,0.00068
659,0.2558,0.00562
659,0.2629,0.00497
659,0.0530,0.00079
659,0.6412,0.02030
659,0.0884,0.00200
659,0.0818,0.00160
659,0.3325,0.00674
659,0.2021,0.00613
660,0.0241,0.00032
660,0.0310,0.00038
660,0.7500,0.03117
660,0.0575,0.00077
660,0.1289,0.00385
660,0.9355,0.02915
660,0.1719,0.00416
660,3.8891,0.21368
661,0.1440,0.00173
661,1.2859,0.05090
661,0.2840,0.00655
661,0.4002,0.00594
661,0.3489,0.01334
661,0.1709,0.00288
661,1.4833,0.05584
661,0.1655,0.00270
662,0.1258,0.00324
662,0.0383,0.00037
662,0.0176,0.00013
662,0.5935,0.01580
662,2.3137,0.11641
662,1.3206,0.05570
662,0.2362,0.00776
662,0.1602,0.00386
663,0.1318,0.00233
663,0.3103,0.00818
663,1.2492,0.09196
663,0.2068,0.00421
663,0.1736,0.00386
663,1.3533,0.07350
663,0.1520,0.00462
663,0.1486,0.00247
664,0.3004,0.01298
664,0.0379,0.00055
664,0.2676,0.01089
664,6.0931,0.25216
664,0.8556,0.05676
664,0.4207,0.01150
664,0.3172,0.01198
664,1.6530,0.10920
665,0.4057,0.01419
665,0.0724,0.00101
665,1.3711,0.10268
665,0.2365,0.00622
665,4.9568,0.16972
665,0.0395,0.00026
665,3.2507,0.21501
665,1.6241,0.08882
666,0.6655,0.01732
666,0.0489,0.00066
666,0.1209,0.00242
666,0.0566,0.00049
666,0.4276,0.01572
666,2.3992,0.20514
666,0.0458,0.00051
666,0.3226,0.01252
667,0.0120,0.00006
667,0.6008,0.02430
667,0.1132,0.00244
667,0.4448,0.01879
667,0.7873,0.03524
667,1.0620,0.02626
667,0.9653,0.04098
667,1.5706,0.11735
668,0.4445,0.02353
668,0.4939,0.02309
668,0.5793,0.01896
668,0.3735,0.01064
668,0.3943,0.00638
668,0.0381,0.00039
668,0.5466,0.02334
668,3.5163,0.17899
669,0.3389,0.01254
669,0.9632,0.05771
669,0.1261,0.00265
669,0.3738,0.01104
669,0.1423,0.00362
669,0.1316,0.00232
669,0.1188,0.00338
669,1.0124,0.05237
670,0.4881,0.02032
670,0.1472,0.00234
670,0.8940,0.02541
670,1.0270,0.04764
670,1.0377,0.07270
670,1.1992,0.06275
670,0.0935,0.00144
670,0.1300,0.00253
671,0.0112,0.00008
671,5.3870,0.19449
671,0.1420,0.00199
671,0.0387,0.00063
671,0.3393,0.00854
671,1.0366,0.08076
671,1.7666,0.12911
671,0.0067,0.00003
672,0.1922,0.00387
672,0.0943,0.00181
672,0.4526,0.02015
672,0.1244,0.00214
672,0.4234,0.01333
672,0.1196,0.00285
672,0.1355,0.00240
672,0.0445,0.00054
673,0.1017,0.00212
673,0.1872,0.00357
673,0.4877,0.01763
673,0.1661,0.00227
673,0.1933,0.00380
673,0.1066,0.00262
673,0.1233,0.00327
673,0.0737,0.00128
674,0.1783,0.00490
674,5.4207,0.17593
674,0.5007,0.01781
674,0.2134,0.00423
674,0.7285,0.03103
674,0.1057,0.00146
674,0.1537,0.00368
674,0.3269,0.01138
675,0.1249,0.00281
675,1.1132,0.04889
675,0.1767,0.00452
675,1.0501,0.05344
675,0.5806,0.03841
675,0.0464,0.00033
675,0.0438,0.00082
675,1.1856,0.03189
676,0.3769,0.00594
676,0.9441,0.06467
676,0.0819,0.00132
676,0.5404,0.02028
676,0.0690,0.00122
676,0.1191,0.00174
676,0.1017,0.00206
676,0.1243,0.00256
677,0.1107,0.00150
677,0.7756,0.03723
677,0.7221,0.03349
677,0.1351,0.00306
677,0.2034,0.00549
677,1.5860,0.07126
677,0.0664,0.00148
677,1.4998,0.08101
678,0.1986,0.00671
678,11.7478,0.17698
678,0.1786,0.00340
678,0.3441,0.01204
678,1.1933,0.02361
678,0.2540,0.00692
678,0.3530,0.00988
678,0.1245,0.00248
679,0.1698,0.00390
679,0.1799,0.00357
679,1.0606,0.03146
679,0.1983,0.00639
679,1.3639,0.04717
679,0.1619,0.00416
679,0.1361,0.00207
679,0.1727,0.00389
680,0.0611,0.00086
680,0.6895,0.03156
680,0.5621,0.03388
680,1.0598,0.02792
680,0.7035,0.02891
680,0.2690,0.00755
680,0.1806,0.00354
680,0.0494,0.00054
681,0.3554,0.01452
681,0.0319,0.00017
681,0.2037,0.00446
681,0.9762,0.03769
681,2.0224,0.13565
681,0.8563,0.03908
681,0.5289,0.00919
681,0.2461,0.00694
682,0.2187,0.00601
682,0.1228,0.00243
682,0.0906,0.00153
682,0.7706,0.02921
682,0.8440,0.03362
682,0.1092,0.00139
682,0.2529,0.00453
682,0.2011,0.00616
683,0.8795,0.05535
683,0.2575,0.00865
683,0.4431,0.02554
683,0.6854,0.03166
683,0.0999,0.00159
683,0.7872,0.04408
683,0.3171,0.01259
683,2.6830,0.10919
684,0.2093,0.00456
684,0.0348,0.00042
684,0.8011,0.02593
684,1.1007,0.08793
684,0.3099,0.00692
684,0.8574,0.04781
684,0.3330,0.01048
684,0.5820,0.02046
685,0.2656,0.00564
685,0.4208,0.01086
685,0.4922,0.01747
685,0.0637,0.00091
685,0.9878,0.02512
685,0.3250,0.00782
685,1.1474,0.06323
685,0.1684,0.00175
686,0.5931,0.03022
686,1.8152,0.08520
686,7.3120,0.26040
686,0.0205,0.00014
686,0.3537,0.01670
686,0.4223,0.01668
686,0.7880,0.03698
686,0.0423,0.00056
687,1.0757,0.05219
687,0.1944,0.00424
687,1.2264,0.09533
687,0.2494,0.00612
687,0.2470,0.00987
687,0.3509,0.00995
687,0.0896,0.00143
687,3.4373,0.13890
688,0.8487,0.03695
688,5.5360,0.23401
688,0.6237,0.02607
688,0.1793,0.00428
688,0.0746,0.00105
688,0.7718,0.04336
688,1.1170,0.05949
688,0.5005,0.02374
689,0.5985,0.02589
689,0.3406,0.00532
689,1.2095,0.03418
689,1.0369,0.03801
689,0.1603,0.00283
689,0.6011,0.02181
689,0.0518,0.00073
689,0.9393,0.03732
690,0.0732,0.00142
690,0.3278,0.00907
690,0.0334,0.00032
690,0.1032,0.00129
690,0.7190,0.01251
690,0.0451,0.00034
690,0.1791,0.00413
690,0.2207,0.00679
691,5.8806,0.19023
691,0.4382,0.01006
691,0.4510,0.02184
691,0.1227,0.00157
691,0.3101,0.00504
691,0.4776,0.01174
691,0.0055,0.00003
691,0.0937,0.00094
692,0.5407,0.02485
692,0.8819,0.04417
692,2.2079,0.16179
692,0.0472,0.00032
692,1.4376,0.04897
692,0.4714,0.01763
692,0.1137,0.00180
692,0.2215,0.00854
693,1.2764,0.04271
693,0.6420,0.01134
693,0.6811,0.03090
693,0.2375,0.00564
693,5.4765,0.22397
693,1.9955,0.06965
693,0.2598,0.00577
693,0.4267,0.01113
694,0.1097,0.00284
694,0.0911,0.00111
694,0.4285,0.01085
694,1.2091,0.05741
694,0.1152,0.00242
694,0.1087,0.00288
694,1.4999,0.08754
694,0.3848,0.01327
695,0.0667,0.00098
695,0.4918,0.01459
695,0.7423,0.04590
695,0.1111,0.00218
695,0.5296,0.01857
695,0.0953,0.00174
695,0.7208,0.05002
695,0.6324,0.01429
696,0.2088,0.00449
696,0.2547,0.00794
696,0.1790,0.00366
696,0.3777,0.01080
696,0.2585,0.00517
696,0.0702,0.00139
696,0.2202,0.00340
696,0.2370,0.00509
697,0.1528,0.00330
697,0.0962,0.00137
697,0.5915,0.02931
697,0.0463,0.00052
697,0.4125,0.01438
697,15.5230,0.23046
697,0.3464,0.00872
697,0.2505,0.00640
698,0.3850,0.01526
698,1.2166,0.07662
698,1.2180,0.04750
698,0.0130,0.00008
698,0.3568,0.01133
698,0.4906,0.01426
698,0.3236,0.01114
698,0.7435,0.02858
699,0.1646,0.00416
699,0.0428,0.00057
699,2.1988,0.06491
699,0.2583,0.00706
699,0.1080,0.00193
699,0.1619,0.00320
699,0.0722,0.00122
699,0.7857,0.01786
700,0.0736,0.00082
700,0.1664,0.00346
700,0.1520,0.00384
700,0.6899,0.03887
700,0.1323,0.00217
700,0.2302,0.00804
700,0.4998,0.02116
700,1.5046,0.12189
701,0.0473,0.00066
701,0.0661,0.00098
701,0.1189,0.00200
701,0.4028,0.01480
701,0.0134,0.00008
701,0.3082,0.00903
701,0.3977,0.01200
701,0.0231,0.00026
702,0.5055,0.02465
702,0.3526,0.00536
702,0.0460,0.00050
702,0.5920,0.01979
702,0.1482,0.00281
702,0.9892,0.04913
702,0.3778,0.01319
702,0.6869,0.02985
703,0.2422,0.00562
703,0.1250,0.00331
703,0.1722,0.00265
703,0.0501,0.00068
703,0.0500,0.00071
703,1.2365,0.05316
703,0.6093,0.03037
703,0.8385,0.06266
704,0.1521,0.00419
704,1.2597,0.07129
704,0.0873,0.00092
704,0.2990,0.00515
704,0.1455,0.00237
704,0.0791,0.00117
704,0.1151,0.00226
704,0.1528,0.00436
705,0.0771,0.00109
705,0.7601,0.01847
705,0.0021,0.00001
705,0.0755,0.00115
705,1.7722,0.09766
705,0.3220,0.00672
705,0.1620,0.00369
705,0.1634,0.00292
706,0.6201,0.02093
706,0.3279,0.00439
706,0.3643,0.00902
706,0.0361,0.00048
706,0.0293,0.00023
706,0.2812,0.00638
706,0.6304,0.02465
706,0.2191,0.00790
707,0.1531,0.00525
707,0.2078,0.00300
707,2.1206,0.06863
707,0.4579,0.01584
707,0.8917,0.04883
707,0.0591,0.00080
707,0.8817,0.03998
707,0.1883,0.00379
708,0.0155,0.00008
708,1.7756,0.05350
708,0.2476,0.00578
708,0.2217,0.00505
708,0.2256,0.00425
708,0.0697,0.00102
708,0.9226,0.03690
708,0.2872,0.01032
709,0.1689,0.00367
709,0.9801,0.04213
709,0.0734,0.00113
709,0.0892,0.00135
709,0.3178,0.00482
709,0.5850,0.02603
709,1.6195,0.13112
709,0.5790,0.02924
710,0.4658,0.01618
710,0.1673,0.00473
710,0.3045,0.01235
710,0.2280,0.00395
710,0.0227,0.00013
710,0.3381,0.00725
710,0.2953,0.00877
710,0.5104,0.02556
711,0.5010,0.01806
711,0.0659,0.00102
711,0.0858,0.00170
711,0.0798,0.00120
711,0.1897,0.00467
711,0.7183,0.02380
711,0.1778,0.00475
711,0.4889,0.01401
712,0.1457,0.00330
712,0.0815,0.00158
712,1.3056,0.06171
712,0.2630,0.00892
712,0.3214,0.00799
712,1.5949,0.08496
712,2.2290,0.12355
712,0.7822,0.02810
713,0.7738,0.03501
713,0.2675,0.00898
713,4.6747,0.15517
713,0.2932,0.00886
713,0.0817,0.00124
713,0.1981,0.00276
713,0.0566,0.00077
713,0.1865,0.00529
714,0.8475,0.04089
714,0.0462,0.00061
714,0.0924,0.00117
714,0.3185,0.00859
714,0.0825,0.00085
714,0.0191,0.00016
714,0.9427,0.02805
714,0.4310,0.01406
715,1.3582,0.05751
715,0.2406,0.00727
715,0.3833,0.01162
715,0.3743,0.01353
715,0.3657,0.01361
715,0.8047,0.03677
715,0.2321,0.00696
715,0.0264,0.00038
716,0.2024,0.00438
716,0.4921,0.01642
716,0.4930,0.01598
716,3.7000,0.15564
716,0.6965,0.01601
716,0.1191,0.00224
716,0.4117,0.01161
716,0.0404,0.00033
717,0.0380,0.00053
717,0.4212,0.00793
717,0.1062,0.00203
717,1.3385,0.10966
717,0.1709,0.00339
717,0.0317,0.00047
717,0.0116,0.00007
717,0.0387,0.00055
718,0.2941,0.00927
718,0.0788,0.00155
718,0.0253,0.00017
718,0.3505,0.01153
718,0.5041,0.03082
718,0.0454,0.00047
718,0.4669,0.01159
718,2.0204,0.20979
719,0.0854,0.00111
719,0.8955,0.03115
719,2.0465,0.10402
719,0.1263,0.00279
719,0.1603,0.00444
719,0.5006,0.01970
719,0.3959,0.01008
719,0.2196,0.00542
720,0.5352,0.02149
720,0.0522,0.00054
720,0.3453,0.01289
720,0.3284,0.00778
720,0.5612,0.02144
720,0.5585,0.02009
720,1.1888,0.05716
720,0.4220,0.01288
721,0.3184,0.00680
721,0.3389,0.00844
721,0.0864,0.00142
721,0.0273,0.00018
721,5.9543,0.22097
721,0.2154,0.00623
721,0.0277,0.00023
721,0.8462,0.02370
722,0.2896,0.00574
722,0.1824,0.00485
722,0.2013,0.00525
722,0.2056,0.00460
722,0.6989,0.03498
722,0.0970,0.00218
722,0.4510,0.01497
722,0.1252,0.00170
723,0.9579,0.04382
723,0.3268,0.00648
723,0.2822,0.00758
723,0.5154,0.02026
723,0.1353,0.00449
723,0.4855,0.01764
723,0.1134,0.00172
723,6.7294,0.36200
724,0.2903,0.00911
724,0.2676,0.00510
724,0.0967,0.00139
724,0.1763,0.00503
724,0.9987,0.07984
724,0.3016,0.00924
724,1.7793,0.07596
724,0.0684,0.00130
725,0.2711,0.00956
725,0.0183,0.00016
725,0.4241,0.00824
725,0.5396,0.02959
725,0.5526,0.02122
725,0.1445,0.00329
725,0.2711,0.00745
725,0.5178,0.01969
726,0.0864,0.00101
726,0.4487,0.01233
726,1.7586,0.07646
726,0.1539,0.00437
726,1.1194,0.03342
726,1.0751,0.04676
726,0.5211,0.02209
726,0.1006,0.00168
727,0.2766,0.00935
727,0.3547,0.01041
727,0.0326,0.00030
727,0.2535,0.00560
727,1.0083,0.04702
727,0.6482,0.01337
727,0.9198,0.02286
727,0.3594,0.00784
728,0.1497,0.00328
728,1.1141,0.04600
728,0.4827,0.02246
728,0.0424,0.00050
728,0.0478,0.00053
728,0.3995,0.00826
728,0.0589,0.00109
728,0.4158,0.01513
729,10.2432,0.26324
729,1.3653,0.07282
729,0.2065,0.00472
729,0.4780,0.01882
729,0.6470,0.02339
729,0.5939,0.01789
729,0.8184,0.03039
729,0.8527,0.05119
730,0.2132,0.00562
730,0.2269,0.00530
730,0.8554,0.03534
730,0.3174,0.01400
730,0.9558,0.03214
730,0.1784,0.00238
730,0.2120,0.00440
730,0.1491,0.00368
731,0.3953,0.01454
731,0.5333,0.02245
731,1.4977,0.02394
731,0.5772,0.02065
731,0.3209,0.00844
731,6.0679,0.44861
731,0.2273,0.00491
731,0.0748,0.00119
732,0.2223,0.00435
732,0.2194,0.00579
732,0.0321,0.00024
732,1.9257,0.09415
732,0.0941,0.00164
732,1.1241,0.05983
732,0.4666,0.02545
732,0.1697,0.00421
733,0.0612,0.00092
733,0.5833,0.02252
733,0.1269,0.00303
733,0.3068,0.00903
733,0.1598,0.00263
733,0.8674,0.04737
733,0.3230,0.00911
733,0.0583,0.00079
734,0.4481,0.01369
734,0.0628,0.00099
734,0.4223,0.01307
734,0.2836,0.00496
734,0.3064,0.01109
734,1.6800,0.09880
734,0.7907,0.03075
734,0.0708,0.00108
735,0.5726,0.01345
735,0.2216,0.00457
735,0.2366,0.01027
735,0.0207,0.00017
735,0.0832,0.00123
735,0.0828,0.00141
735,0.2416,0.00577
735,0.2283,0.00461
736,0.1523,0.00296
736,0.5219,0.01777
736,0.1847,0.00278
736,1.0716,0.05107
736,0.7275,0.04546
736,0.2680,0.00871
736,0.1632,0.00334
736,0.2682,0.00638
737,0.1091,0.00212
737,0.2095,0.00513
737,0.1584,0.00180
737,1.9141,0.07863
737,0.6153,0.02337
737,0.2102,0.00631
737,0.2217,0.00715
737,0.2594,0.00712
738,0.0774,0.00122
738,0.1296,0.00232
738,0.1388,0.00338
738,0.6445,0.03436
738,6.2095,0.26193
738,0.2085,0.00542
738,0.3347,0.00623
738,0.1413,0.00316
739,0.1448,0.00288
739,0.0292,0.00014
739,0.0364,0.00065
739,2.0887,0.10867
739,0.0905,0.00219
739,0.1025,0.00217
739,0.2242,0.00288
739,0.3487,0.01011
740,0.2486,0.00688
740,0.2226,0.00528
740,1.2871,0.09932
740,0.2790,0.00812
740,0.9024,0.04072
740,0.1679,0.00350
740,0.3558,0.00950
740,0.9791,0.02793
741,0.4184,0.01435
741,1.1001,0.07633
741,0.4489,0.01295
741,1.2932,0.10154
741,0.6928,0.03018
741,0.3329,0.00745
741,0.5319,0.01651
741,0.1206,0.00185
742,1.4442,0.07652
742,0.4823,0.00832
742,0.0425,0.00045
742,1.4813,0.07345
742,0.4271,0.02450
742,2.5899,0.14074
742,0.6973,0.04239
742,0.0154,0.00011
743,0.0115,0.00008
743,0.9637,0.03764
743,1.9935,0.07463
743,0.7180,0.02941
743,0.9266,0.04356
743,0.7568,0.02686
743,0.0859,0.00144
743,0.2173,0.00527
744,0.2821,0.00721
744,0.3388,0.01104
744,0.1189,0.00195
744,0.2047,0.00216
744,0.3313,0.00828
744,0.1380,0.00289
744,0.0308,0.00019
744,0.0970,0.00076
745,0.2669,0.00899
745,0.3383,0.01239
745,0.0247,0.00020
745,0.0972,0.00136
745,0.2394,0.00277
745,0.3251,0.00952
745,0.1145,0.00211
745,1.1247,0.07627
746,0.2823,0.00621
746,0.1831,0.00352
746,0.0173,0.00010
746,0.9777,0.05533
746,1.2233,0.07756
746,0.0393,0.00037
746,0.0325,0.00043
746,1.0920,0.03964
747,0.4660,0.01472
747,0.1308,0.00245
747,0.1009,0.00167
747,2.4560,0.15856
747,0.1148,0.00209
747,0.0836,0.00137
747,0.1679,0.00366
747,0.1431,0.00265
748,0.1162,0.00192
748,0.9246,0.03716
748,0.5419,0.01165
748,0.4257,0.01460
748,0.3412,0.01043
748,0.0723,0.00115
748,0.1430,0.00295
748,0.1652,0.00337
749,1.6719,0.13682
749,0.2382,0.00997
749,3.0172,0.10908
749,0.4645,0.01705
749,0.0529,0.00083
749,0.1707,0.00384
749,0.0800,0.00127
749,6.8654,0.32937
750,0.0679,0.00094
750,0.8050,0.03710
750,0.2102,0.00393
750,0.3195,0.00635
750,6.3042,0.26281
750,1.0621,0.03252
750,0.7180,0.04062
750,0.5351,0.01679
751,0.0739,0.00119
751,28.5196,0.41081
751,0.1621,0.00386
751,0.1144,0.00169
751,0.4475,0.01002
751,0.1260,0.00124
751,0.4533,0.01917
751,0.7300,0.02583
752,0.2141,0.00270
752,0.3575,0.01251
752,0.0746,0.00071
752,0.0234,0.00014
752,0.1227,0.00240
752,0.3154,0.00918
752,0.1932,0.00369
752,0.7004,0.01526
753,2.6026,0.04979
753,2.8051,0.15732
753,2.0932,0.15601
753,0.2235,0.00526
753,0.2376,0.00729
753,0.0560,0.00041
753,0.6971,0.02053
753,0.4131,0.00930
754,1.9185,0.13763
754,0.2033,0.00325
754,5.4878,0.21610
754,1.6729,0.06784
754,0.7540,0.05719
754,0.9004,0.03889
754,0.1828,0.00419
754,0.1597,0.00402
755,0.8382,0.03485
755,0.2318,0.00610
755,0.7328,0.01577
755,0.0779,0.00158
755,0.1347,0.00129
755,0.1646,0.00300
755,1.3937,0.09931
755,0.1253,0.00273
756,0.0539,0.00043
756,0.0729,0.00095
756,0.1601,0.00253
756,1.7511,0.13098
756,0.4096,0.01666
756,0.0871,0.00114
756,0.1880,0.00372
756,0.6113,0.02256
757,0.3239,0.00724
757,0.4402,0.00764
757,0.4931,0.01473
757,0.3373,0.00934
757,0.1197,0.00111
757,0.2076,0.00439
757,0.4564,0.01494
757,0.5046,0.01174
758,0.5227,0.02067
758,6.4862,0.28249
758,0.0459,0.00036
758,0.0965,0.00144
758,1.5109,0.14024
758,0.4520,0.00952
758,0.6578,0.02711
758,0.4298,0.01551
759,0.0875,0.00101
759,0.1081,0.00176
759,2.0591,0.08007
759,0.1335,0.00236
759,0.1532,0.00279
759,0.0882,0.00169
759,0.0102,0.00006
759,1.1809,0.06895
760,0.4497,0.00976
760,0.0660,0.00070
760,0.2819,0.00696
760,0.5213,0.02469
760,0.1211,0.00220
760,0.3273,0.00629
760,4.3182,0.22276
760,0.1990,0.00419
761,0.0940,0.00133
761,0.1525,0.00301
761,0.5423,0.01347
761,2.0784,0.14978
761,0.6719,0.02239
761,1.0692,0.05639
761,1.6540,0.12353
761,0.0575,0.00108
762,0.2440,0.01099
762,0.6556,0.01119
762,0.2982,0.00417
762,0.2592,0.00733
762,0.9141,0.03336
762,0.2393,0.00686
762,0.6862,0.01811
762,0.0798,0.00132
763,0.0728,0.00128
763,0.0591,0.00086
763,0.8268,0.02090
763,0.2650,0.00686
763,0.1231,0.00295
763,0.3129,0.00555
763,1.1398,0.05325
763,0.9008,0.05132
764,1.9991,0.08120
764,0.2443,0.00561
764,0.7669,0.03978
764,0.0388,0.00044
764,0.2525,0.00937
764,1.8847,0.10505
764,0.6111,0.01131
764,0.3294,0.01039
765,0.1057,0.00242
765,1.1611,0.04448
765,0.2536,0.00468
765,0.1367,0.00213
765,0.1005,0.00168
765,0.1579,0.00141
765,0.2823,0.00953
765,0.4033,0.01087
766,0.4302,0.00771
766,0.6173,0.02193
766,0.0841,0.00157
766,0.0775,0.00065
766,0.5655,0.02450
766,0.2362,0.00613
766,0.4426,0.01246
766,1.2920,0.10888
767,0.2186,0.00789
767,0.6124,0.02113
767,0.1693,0.00486
767,0.0957,0.00205
767,1.6527,0.10445
767,0.2711,0.00749
767,0.0470,0.00062
767,1.1661,0.04525
768,0.0689,0.00115
768,0.6421,0.01573
768,0.1594,0.00400
768,0.7150,0.02632
768,0.4024,0.01474
768,0.3119,0.00724
768,0.0504,0.00036
768,0.4032,0.00874
769,0.3775,0.01425
769,0.8048,0.03726
769,0.7463,0.04259
769,0.7473,0.02810
769,0.7290,0.02590
769,0.3441,0.00797
769,0.0963,0.00142
769,0.8246,0.02996
770,0.6285,0.02000
770,0.1669,0.00298
770,0.1198,0.00103
770,0.0138,0.00011
770,6.4898,0.27854
770,0.7308,0.03381
770,0.2788,0.00742
770,0.4629,0.01685
771,0.2387,0.00416
771,0.5984,0.01722
771,0.0980,0.00179
771,0.1733,0.00347
771,0.3387,0.00949
771,0.2500,0.00565
771,1.1362,0.08945
771,0.3953,0.01248
772,0.3380,0.00709
772,0.5635,0.01324
772,0.9569,0.05222
772,0.1792,0.00355
772,0.0619,0.00070
772,0.3420,0.00931
772,0.0582,0.00071
772,0.1353,0.00241
773,0.6354,0.03721
773,2.3359,0.06831
773,0.0982,0.00078
773,0.1069,0.00109
773,0.2373,0.00777
773,0.0548,0.00060
773,0.5158,0.01518
773,0.0325,0.00035
774,0.4366,0.01239
774,0.5171,0.02071
774,0.6902,0.03436
774,0.1411,0.00271
774,1.1742,0.03179
774,1.0015,0.04907
774,0.5400,0.01534
774,0.2339,0.00781
775,0.3844,0.01053
775,0.1866,0.00423
775,1.7278,0.04917
775,0.1542,0.00361
775,0.4401,0.01693
775,0.7883,0.03126
775,0.2146,0.00393
775,0.0435,0.00046
776,0.1922,0.00591
776,0.0204,0.00020
776,1.1398,0.07333
776,6.4953,0.21395
776,1.2569,0.07512
776,0.2842,0.00275
776,0.1671,0.00471
776,0.3035,0.00409
777,0.3904,0.01431
777,0.0290,0.00034
777,0.4683,0.01600
777,0.3210,0.01111
777,0.1285,0.00294
777,2.0262,0.18003
777,0.1012,0.00149
777,0.3543,0.01258
778,0.1524,0.00237
778,0.0975,0.00185
778,0.3677,0.01157
778,1.0838,0.04653
778,0.4509,0.01460
778,0.7415,0.03586
778,0.3274,0.00485
778,0.0785,0.00122
779,0.1384,0.00200
779,0.4258,0.01490
779,0.0414,0.00063
779,0.4606,0.00930
779,0.5184,0.01486
779,2.2916,0.05767
779,0.1326,0.00359
779,0.6570,0.02301
780,0.9716,0.02481
780,2.0489,0.15269
780,0.8474,0.03797
780,0.0804,0.00124
780,0.0759,0.00105
780,0.0958,0.00185
780,0.4078,0.01090
780,0.3770,0.00595
781,0.1658,0.00316
781,1.4204,0.03943
781,0.1946,0.00472
781,0.8472,0.03729
781,0.1106,0.00207
781,0.1826,0.00399
781,0.9393,0.04657
781,2.7191,0.12375
782,0.1550,0.00269
782,0.3867,0.00990
782,0.0203,0.00020
782,0.2836,0.00738
782,0.1919,0.00367
782,0.6151,0.02804
782,1.9718,0.03316
782,0.1403,0.00262
783,0.1833,0.00451
783,0.3626,0.01038
783,0.2601,0.00770
783,0.4185,0.00832
783,0.4065,0.01387
783,0.0202,0.00016
783,2.3576,0.20943
783,0.2278,0.00584
784,0.0318,0.00042
784,0.1029,0.00223
784,0.2052,0.00588
784,0.0781,0.00136
784,1.1052,0.06994
784,1.6908,0.09033
784,1.7768,0.08942
784,0.4191,0.01314
785,0.4629,0.01443
785,0.1574,0.00278
785,0.0962,0.00133
785,1.4045,0.07526
785,0.1143,0.00249
785,0.0505,0.00080
785,0.1816,0.00343
785,0.2762,0.00613
786,0.1832,0.00255
786,0.1191,0.00197
786,0.4126,0.02118
786,0.1400,0.00346
786,0.1098,0.00205
786,0.7269,0.02854
786,0.3176,0.01021
786,0.2843,0.00825
787,0.4357,0.02217
787,1.3923,0.06338
787,1.9165,0.09159
787,0.2822,0.00801
787,0.5111,0.01207
787,2.2340,0.17958
787,2.4403,0.20930
787,0.6899,0.02854
788,0.1690,0.00348
788,0.0422,0.00053
788,0.3258,0.01426
788,0.0887,0.00148
788,0.0568,0.00082
788,0.7264,0.03989
788,3.2250,0.19858
788,0.4869,0.01419
789,1.0008,0.03096
789,0.1329,0.00238
789,0.2363,0.00568
789,0.3904,0.01009
789,0.6621,0.02623
789,0.0450,0.00036
789,0.0171,0.00011
789,0.1516,0.00295
790,2.2320,0.16244
790,3.0049,0.21377
790,0.1555,0.00466
790,0.6354,0.02946
790,0.5897,0.01037
790,0.6761,0.01700
790,1.2237,0.04578
790,0.4280,0.01612
791,1.3073,0.06949
791,0.1155,0.00246
791,2.7657,0.15628
791,1.0134,0.06108
791,0.0425,0.00046
791,0.2083,0.00488
791,0.3833,0.01525
791,0.4956,0.01353
792,0.4067,0.01218
792,0.2983,0.01013
792,0.0335,0.00044
792,0.4408,0.01582
792,0.2112,0.00356
792,0.2108,0.00496
792,0.5202,0.01510
792,1.1890,0.03849
793,1.0760,0.03216
793,1.0786,0.05627
793,0.3747,0.00862
793,0.9922,0.05776
793,3.6406,0.19436
793,0.1656,0.00262
793,0.3453,0.00781
793,0.5010,0.01070
794,1.0365,0.03433
794,0.4295,0.02454
794,0.0876,0.00177
794,0.0815,0.00109
794,5.1163,0.15805
794,0.2637,0.00739
794,1.8653,0.09104
794,0.0772,0.00071
795,0.1772,0.00243
795,0.5186,0.01751
795,1.5107,0.11702
795,0.0784,0.00057
795,0.4106,0.01043
795,0.2683,0.00559
795,0.5075,0.01438
795,0.5268,0.01671
796,43.7212,0.20644
796,0.0499,0.00032
796,0.4491,0.01948
796,0.2504,0.00653
796,0.2078,0.00580
796,0.0633,0.00098
796,0.8905,0.03858
796,0.5546,0.02154
797,1.2162,0.04896
797,1.1956,0.05912
797,0.4388,0.01889
797,0.0836,0.00177
797,0.2337,0.00646
797,0.0644,0.00070
797,0.6362,0.02332
797,0.3876,0.01347
798,0.1607,0.00430
798,0.1263,0.00269
798,0.2804,0.00939
798,0.3825,0.00978
798,0.5351,0.02550
798,0.2117,0.00504
798,1.0964,0.05892
798,0.0679,0.00111
799,0.3311,0.01096
799,0.9450,0.02748
799,1.8840,0.05553
799,0.3734,0.01315
799,0.0559,0.00094
799,0.1046,0.00212
799,0.3197,0.00578
799,0.3612,0.01082
800,0.0324,0.00030
800,0.1311,0.00225
800,0.0944,0.00158
800,1.9624,0.05591
800,0.7089,0.03203
800,0.0412,0.00060
800,0.2940,0.00810
800,1.1118,0.05373
801,0.5286,0.02551
801,0.3316,0.00811
801,1.3144,0.05406
801,0.2724,0.00890
801,0.1412,0.00319
801,0.0261,0.00025
801,0.0310,0.00039
801,1.3108,0.05290
802,0.5329,0.02310
802,0.1132,0.00267
802,0.0636,0.00081
802,0.2190,0.00607
802,0.1216,0.00297
802,0.0074,0.00004
802,0.0951,0.00111
802,0.1617,0.00451
803,0.9695,0.03565
803,0.4198,0.01464
803,0.5329,0.01568
803,0.1771,0.00382
803,0.0787,0.00122
803,0.8291,0.05578
803,0.4941,0.01395
803,0.9488,0.03388
804,0.1643,0.00437
804,0.7382,0.03538
804,1.6212,0.08201
804,0.0102,0.00007
804,0.7802,0.01470
804,0.7537,0.02442
804,0.7795,0.01631
804,0.4244,0.01379
805,0.2002,0.00636
805,1.0626,0.06931
805,0.8026,0.02922
805,0.1929,0.00517
805,0.4239,0.01234
805,0.0855,0.00142
805,1.2296,0.06163
805,0.6586,0.02237
806,0.0368,0.00037
806,0.2750,0.00453
806,0.0982,0.00162
806,1.6962,0.10486
806,0.1014,0.00127
806,0.0688,0.00113
806,0.1042,0.00187
806,2.7761,0.18840
807,5.3993,0.35792
807,0.0503,0.00046
807,0.0617,0.00111
807,0.5600,0.02316
807,0.2473,0.00617
807,1.7076,0.11515
807,0.3476,0.01174
807,0.0199,0.00014
808,0.3944,0.01141
808,0.2680,0.00563
808,0.8408,0.03566
808,1.7534,0.10644
808,0.0624,0.00057
808,0.1182,0.00179
808,0.9715,0.04421
808,0.0791,0.00116
809,0.8815,0.03516
809,0.2946,0.00633
809,3.3520,0.21616
809,0.2230,0.00423
809,0.0265,0.00018
809,2.2142,0.20585
809,0.1168,0.00165
809,0.4049,0.02053
810,0.0580,0.00077
810,0.2700,0.00770
810,0.1704,0.00418
810,0.7082,0.02010
810,0.2418,0.00505
810,0.1704,0.00165
810,0.2651,0.00618
810,0.0707,0.00060
811,0.3107,0.00979
811,0.4726,0.01722
811,0.1579,0.00216
811,0.3537,0.01459
811,0.0476,0.00045
811,0.0620,0.00091
811,0.1862,0.00489
811,0.6842,0.02488
812,0.4200,0.00678
812,0.4510,0.01447
812,0.2728,0.00578
812,4.1303,0.18290
812,0.0548,0.00057
812,0.8294,0.04371
812,0.0449,0.00038
812,0.5038,0.01042
813,0.4826,0.01922
813,0.0407,0.00033
813,0.5372,0.01831
813,0.9450,0.03316
813,3.0134,0.18301
813,0.5679,0.01513
813,0.2013,0.00586
813,0.3537,0.00682
814,0.2673,0.00641
814,0.5569,0.01158
814,0.1183,0.00117
814,0.1043,0.00099
814,0.4065,0.01615
814,0.1168,0.00136
814,0.3742,0.01868
814,0.7998,0.03740
815,1.1694,0.05104
815,0.0843,0.00083
815,0.1381,0.00249
815,0.4187,0.01204
815,0.3071,0.01192
815,0.6099,0.02627
815,0.4338,0.00935
815,0.2717,0.00562
816,0.0820,0.00106
816,0.7829,0.02745
816,0.1505,0.00347
816,0.6779,0.03003
816,0.3528,0.01058
816,0.0726,0.00098
816,1.3331,0.06606
816,0.0744,0.00118
817,0.5787,0.02827
817,0.2727,0.00632
817,0.2828,0.01087
817,0.3474,0.01050
817,0.4538,0.01360
817,0.0583,0.00050
817,0.3261,0.01198
817,0.4197,0.00547
818,0.0935,0.00163
818,0.1256,0.00218
818,0.5845,0.01884
818,3.9924,0.25383
818,0.4133,0.01395
818,0.2812,0.00461
818,0.1060,0.00170
818,0.0516,0.00053
819,0.1194,0.00235
819,0.0979,0.00156
819,0.1438,0.00295
819,0.7673,0.02020
819,0.6537,0.02975
819,0.4971,0.01516
819,0.1579,0.00302
819,0.5149,0.01342
820,0.4738,0.01725
820,0.9175,0.05892
820,0.1797,0.00292
820,1.0452,0.01797
820,0.2297,0.00575
820,0.3864,0.01234
820,0.6933,0.02067
820,0.3638,0.01173
821,0.3257,0.01058
821,0.0674,0.00105
821,0.3308,0.01487
821,0.3427,0.00531
821,0.6462,0.02140
821,1.3252,0.08126
821,0.2348,0.00604
821,0.0442,0.00057
822,0.1449,0.00320
822,0.6265,0.03576
822,0.1055,0.00187
822,0.1809,0.00338
822,0.0459,0.00048
822,0.0576,0.00083
822,0.1817,0.00654
822,0.3145,0.00956
823,0.1748,0.00342
823,0.7220,0.02449
823,0.0833,0.00208
823,0.4931,0.02725
823,0.0277,0.00030
823,0.1302,0.00303
823,0.5241,0.00872
823,0.2529,0.00695
824,0.7294,0.04350
824,0.2180,0.00634
824,0.0999,0.00080
824,0.1955,0.00465
824,0.0942,0.00146
824,0.1427,0.00193
824,0.0404,0.00040
824,0.1528,0.00504
825,0.5191,0.02032
825,0.5661,0.01356
825,0.1135,0.00120
825,0.5116,0.02140
825,0.1958,0.00256
825,0.1758,0.00388
825,0.1175,0.00150
825,0.0220,0.00011
826,0.1381,0.00301
826,2.9079,0.15103
826,0.7427,0.04294
826,0.1351,0.00268
826,0.5608,0.00979
826,0.0327,0.00019
826,0.6644,0.02717
826,0.6352,0.01689
827,11.0747,0.28215
827,0.1002,0.00140
827,1.5932,0.07558
827,0.0188,0.00014
827,1.8213,0.08842
827,0.1552,0.00301
827,0.2867,0.00817
827,0.1416,0.00417
828,0.1976,0.00380
828,0.0940,0.00171
828,0.2541,0.00756
828,0.0794,0.00063
828,0.6496,0.02319
828,1.4500,0.08830
828,0.2574,0.00746
828,0.1510,0.00285
829,0.0493,0.00052
829,0.5353,0.01236
829,0.6255,0.01878
829,0.0932,0.00127
829,0.1391,0.00154
829,0.0742,0.00073
829,0.3993,0.01194
829,0.0927,0.00189
830,0.1050,0.00170
830,2.4859,0.11211
830,0.0795,0.00143
830,0.1077,0.00181
830,0.0321,0.00023
830,0.3437,0.00778
830,0.0684,0.00116
830,0.2067,0.00431
831,0.6374,0.01255
831,0.6880,0.02744
831,0.0879,0.00121
831,1.3130,0.04000
831,0.1088,0.00114
831,0.0189,0.00013
831,0.7187,0.02451
831,0.9387,0.03493
832,2.0465,0.04559
832,0.7854,0.03602
832,43.5433,0.21035
832,0.2696,0.00999
832,0.2131,0.00374
832,0.2194,0.00430
832,0.9700,0.03230
832,0.0220,0.00021
833,0.0994,0.00168
833,0.4708,0.01323
833,0.0395,0.00041
833,0.0549,0.00065
833,1.0931,0.06174
833,0.9624,0.04298
833,0.5296,0.03057
833,0.1277,0.00169
834,0.6208,0.02534
834,0.1307,0.00201
834,0.2826,0.00780
834,0.0589,0.00072
834,2.5294,0.13816
834,0.3142,0.00955
834,0.6182,0.02532
834,0.2285,0.00450
835,0.2208,0.00541
835,1.6475,0.12475
835,0.7529,0.02156
835,1.9066,0.11161
835,0.0925,0.00226
835,0.1113,0.00186
835,0.9153,0.02949
835,0.8856,0.04637
836,0.6341,0.03105
836,0.0977,0.00180
836,0.1932,0.00512
836,0.0886,0.00126
836,1.5618,0.06041
836,0.6457,0.02348
836,0.0865,0.00172
836,0.1783,0.00360
837,0.0383,0.00044
837,0.3198,0.01160
837,0.0729,0.00118
837,2.2636,0.13695
837,0.9283,0.01958
837,0.4720,0.01704
837,1.9814,0.08966
837,0.2542,0.00675
838,0.0574,0.00035
838,0.6383,0.02839
838,0.0193,0.00016
838,0.3362,0.00920
838,0.3398,0.01018
838,0.0984,0.00169
838,0.2876,0.00898
838,0.1807,0.00400
839,0.5601,0.01743
839,0.4105,0.01298
839,0.3074,0.00938
839,0.0425,0.00043
839,0.4372,0.01527
839,0.4466,0.01678
839,0.1847,0.00451
839,0.3112,0.01043
840,0.2587,0.00398
840,1.0714,0.06190
840,0.1747,0.00380
840,0.1570,0.00279
840,0.4364,0.00991
840,0.1151,0.00198
840,0.6138,0.01850
840,0.3715,0.01153
841,0.1952,0.00542
841,0.2200,0.00458
841,1.2131,0.02389
841,0.3079,0.01106
841,0.1260,0.00211
841,0.4596,0.01370
841,0.1395,0.00312
841,0.5794,0.01871
842,0.8260,0.01981
842,4.5582,0.13466
842,1.2628,0.05877
842,0.0316,0.00031
842,0.1262,0.00189
842,0.0523,0.00051
842,0.1207,0.00203
842,0.1701,0.00387
843,3.2521,0.17554
843,0.0481,0.00058
843,0.1379,0.00227
843,0.1320,0.00191
843,0.3022,0.00713
843,0.3750,0.01448
843,4.4667,0.18913
843,1.4318,0.08164
844,0.0507,0.00053
844,0.1922,0.00205
844,0.9750,0.03403
844,0.2754,0.00888
844,1.0943,0.06064
844,0.4299,0.00852
844,0.6934,0.02645
844,1.0478,0.06430
845,0.2808,0.00753
845,2.9799,0.14915
845,0.2815,0.00871
845,1.0380,0.02612
845,0.0370,0.00034
845,0.0532,0.00079
845,0.0757,0.00130
845,1.2697,0.04737
846,1.4801,0.04131
846,0.0411,0.00049
846,0.7562,0.03539
846,0.1701,0.00235
846,0.4222,0.01692
846,0.0489,0.00054
846,0.1436,0.00336
846,0.1124,0.00155
847,0.2976,0.00775
847,0.0465,0.00057
847,1.2191,0.02286
847,1.4566,0.09156
847,0.0499,0.00050
847,1.3751,0.06079
847,0.0480,0.00050
847,0.0505,0.00079
848,0.7695,0.02261
848,16.5754,0.21486
848,0.3908,0.00823
848,0.0555,0.00063
848,0.9612,0.04174
848,0.0915,0.00174
848,0.1511,0.00281
848,0.2074,0.00327
849,0.6271,0.02977
849,0.1668,0.00385
849,0.7955,0.03552
849,0.7195,0.02381
849,0.0801,0.00095
849,0.3349,0.01141
849,0.0292,0.00029
849,0.1924,0.00431
850,0.4233,0.00690
850,0.1421,0.00191
850,0.4993,0.01761
850,5.9581,0.31576
850,1.0913,0.04992
850,0.0208,0.00015
850,0.4138,0.01407
850,0.7938,0.03311
851,0.0575,0.00072
851,0.2477,0.00794
851,1.5350,0.17659
851,0.4776,0.02065
851,0.3102,0.00989
851,0.0459,0.00058
851,0.5395,0.01864
851,0.1307,0.00176
852,0.2909,0.01380
852,0.1912,0.00338
852,0.2454,0.00636
852,0.7917,0.02057
852,2.0492,0.11443
852,0.2149,0.00297
852,0.7040,0.01929
852,0.2113,0.00353
853,1.8054,0.04572
853,0.6610,0.01379
853,0.5175,0.01434
853,0.2506,0.00578
853,0.1249,0.00168
853,3.4747,0.14996
853,1.7883,0.09194
853,0.6512,0.01577
854,0.2011,0.00504
854,0.3074,0.00924
854,0.2142,0.00760
854,0.4423,0.01852
854,2.0207,0.09363
854,0.3749,0.01011
854,0.2231,0.00644
854,0.7720,0.02404
855,0.4809,0.01095
855,0.2534,0.00603
855,0.0855,0.00106
855,0.4051,0.01727
855,0.1842,0.00275
855,0.2051,0.00718
855,0.1954,0.00521
855,0.4400,0.01796
856,0.1563,0.00374
856,1.2785,0.02591
856,0.0561,0.00069
856,1.4647,0.09724
856,0.2370,0.00533
856,0.1467,0.00544
856,0.0734,0.00056
856,0.7635,0.02151
857,0.7643,0.02899
857,1.5498,0.08496
857,0.3951,0.01403
857,0.3695,0.01231
857,0.0111,0.00008
857,0.1007,0.00146
857,0.2097,0.00435
857,0.0446,0.00050
858,0.0449,0.00045
858,0.2082,0.00525
858,0.1194,0.00144
858,0.0741,0.00137
858,0.3098,0.00714
858,0.0851,0.00155
858,1.3554,0.06698
858,1.3065,0.05695
859,0.1808,0.00478
859,0.5260,0.01827
859,1.7236,0.05702
859,0.2224,0.00568
859,0.3281,0.00965
859,0.0814,0.00111
859,1.6658,0.11134
859,0.0764,0.00097
860,0.1399,0.00377
860,0.2969,0.00690
860,0.3760,0.00951
860,0.1263,0.00288
860,0.4298,0.01078
860,0.0600,0.00079
860,0.3188,0.00821
860,1.3425,0.07263
861,0.2447,0.00577
861,0.1443,0.00343
861,0.0515,0.00051
861,0.0236,0.00018
861,0.0045,0.00002
861,0.8227,0.03044
861,0.3706,0.01996
861,0.1576,0.00340
862,2.0085,0.12690
862,0.8248,0.03368
862,0.1539,0.00277
862,0.0566,0.00086
862,0.0678,0.00064
862,0.5757,0.01721
862,0.2501,0.00413
862,1.3772,0.08725
863,7.9623,0.21380
863,0.5316,0.01597
863,0.4684,0.01474
863,0.2992,0.00537
863,1.0835,0.04187
863,0.2850,0.00528
863,0.9870,0.06508
863,0.1515,0.00269
864,0.5844,0.02981
864,5.7090,0.23019
864,0.2551,0.00739
864,0.0961,0.00100
864,0.6723,0.02536
864,3.1813,0.17467
864,0.0562,0.00046
864,0.2866,0.00744
865,0.4688,0.01000
865,0.1310,0.00233
865,0.3378,0.00962
865,0.1352,0.00230
865,0.7128,0.04074
865,0.2631,0.00455
865,0.1601,0.00374
865,0.1733,0.00356
866,0.2059,0.00563
866,0.1244,0.00185
866,0.2081,0.00557
866,0.8018,0.02991
866,0.6675,0.03519
866,0.1161,0.00188
866,0.0396,0.00026
866,0.1547,0.00334
867,0.4253,0.01583
867,0.1361,0.00247
867,1.0497,0.04128
867,0.5669,0.01919
867,0.2948,0.00534
867,1.2780,0.03328
867,0.1791,0.00306
867,0.2308,0.00490
868,0.1711,0.00419
868,0.2080,0.00598
868,2.0701,0.12149
868,0.2717,0.00577
868,0.0249,0.00020
868,0.1976,0.00614
868,0.7940,0.03648
868,0.0748,0.00070
869,0.2188,0.00401
869,0.5208,0.02424
869,0.0769,0.00078
869,1.1221,0.03991
869,0.1337,0.00208
869,0.1586,0.00292
869,3.8637,0.19438
869,0.1741,0.00379
870,0.4545,0.01395
870,0.1645,0.00385
870,1.1070,0.03692
870,0.6866,0.01197
870,0.6693,0.02520
870,0.2935,0.00615
870,0.0999,0.00197
870,0.0476,0.00048
871,6.0139,0.16641
871,0.1514,0.00317
871,0.1556,0.00254
871,0.0382,0.00030
871,0.7830,0.02896
871,0.0791,0.00103
871,1.3197,0.06853
871,0.2634,0.00826
872,1.5974,0.09791
872,0.0293,0.00034
872,0.4441,0.02061
872,0.1336,0.00210
872,0.0984,0.00145
872,0.1217,0.00223
872,0.3105,0.00912
872,0.2407,0.00313
873,0.0477,0.00049
873,0.1378,0.00339
873,0.1150,0.00218
873,0.2100,0.00541
873,3.2363,0.27716
873,0.3179,0.00560
873,0.8753,0.06031
873,0.4636,0.01505
874,0.3454,0.00992
874,1.1569,0.07310
874,0.2595,0.00805
874,0.3576,0.00776
874,0.8569,0.05088
874,1.0007,0.04538
874,0.5969,0.02187
874,0.3245,0.00784
875,0.0404,0.00025
875,4.5233,0.17093
875,0.1821,0.00206
875,0.1566,0.00277
875,0.2703,0.00651
875,1.9623,0.05297
875,1.7934,0.06169
875,0.1112,0.00206
876,7.1431,0.18189
876,0.1598,0.00411
876,0.2774,0.00603
876,0.1401,0.00315
876,0.9271,0.01988
876,0.5136,0.01887
876,0.4972,0.01884
876,0.0710,0.00058
877,0.1699,0.00262
877,0.1359,0.00314
877,0.2227,0.00410
877,0.0819,0.00093
877,0.3321,0.00819
877,0.6822,0.02981
877,0.3916,0.00956
877,0.7642,0.01756
878,0.6452,0.03187
878,0.1464,0.00222
878,1.1372,0.03392
878,1.8416,0.04447
878,0.8516,0.04992
878,0.2467,0.00459
878,0.1207,0.00117
878,0.1833,0.00480
879,0.2162,0.00392
879,0.2139,0.00538
879,0.2394,0.00560
879,0.3274,0.01080
879,0.6632,0.02475
879,0.2361,0.00610
879,0.1440,0.00324
879,0.5000,0.02156
880,0.0283,0.00025
880,0.7008,0.03172
880,0.0860,0.00176
880,0.3610,0.00736
880,0.2718,0.00351
880,0.6354,0.02387
880,0.0660,0.00086
880,0.0498,0.00052
881,0.0291,0.00024
881,0.6536,0.04014
881,0.0310,0.00020
881,0.0227,0.00016
881,0.2202,0.00574
881,0.2549,0.00527
881,0.5384,0.01422
881,0.4658,0.01326
882,0.9685,0.05551
882,0.0699,0.00082
882,0.5953,0.02656
882,0.0585,0.00063
882,0.0695,0.00109
882,1.8482,0.06004
882,0.1732,0.00186
882,0.1893,0.00325
883,0.0807,0.00124
883,0.2100,0.00694
883,0.2137,0.00499
883,0.5943,0.01089
883,1.9742,0.04131
883,1.1357,0.08819
883,0.0276,0.00026
883,0.1807,0.00394
884,1.4402,0.05736
884,0.4128,0.01083
884,0.5372,0.02385
884,0.5076,0.02080
884,0.2079,0.00623
884,0.0455,0.00065
884,0.1235,0.00185
884,0.7246,0.03641
885,0.2099,0.00494
885,0.0357,0.00028
885,0.7289,0.03293
885,1.6265,0.08536
885,0.2266,0.00460
885,1.6623,0.09351
885,0.1039,0.00169
885,0.3689,0.01296
886,2.9292,0.19679
886,1.1775,0.06212
886,0.1752,0.00290
886,0.9539,0.02955
886,0.2020,0.00373
886,0.1591,0.00284
886,0.7114,0.03033
886,0.2031,0.00625
887,0.1238,0.00222
887,0.3807,0.01337
887,0.0300,0.00029
887,0.1716,0.00426
887,0.1847,0.00341
887,0.4253,0.01517
887,1.3838,0.08389
887,0.0942,0.00163
888,0.6422,0.03156
888,0.2636,0.00729
888,1.1222,0.03811
888,6.0078,0.15492
888,0.5755,0.01479
888,0.1697,0.00447
888,0.2072,0.00465
888,0.1933,0.00417
889,0.1517,0.00352
889,0.1489,0.00276
889,0.4952,0.01591
889,0.3293,0.00890
889,0.8395,0.03751
889,0.1111,0.00235
889,0.4515,0.01144
889,0.0498,0.00049
890,0.0897,0.00107
890,0.5082,0.01516
890,0.0673,0.00102
890,0.2604,0.00640
890,0.5916,0.02047
890,0.0955,0.00201
890,1.9233,0.05019
890,0.4757,0.00789
891,0.1318,0.00212
891,0.0850,0.00123
891,0.1524,0.00473
891,1.1038,0.04633
891,0.0939,0.00122
891,0.0852,0.00132
891,1.6568,0.08391
891,0.2805,0.00921
892,0.1225,0.00210
892,0.1901,0.00506
892,1.4654,0.07334
892,0.6567,0.01086
892,0.2424,0.00684
892,0.1142,0.00193
892,0.3894,0.01167
892,1.5662,0.07132
893,0.0957,0.00144
893,1.2526,0.02989
893,0.0561,0.00064
893,0.1442,0.00378
893,0.3624,0.01350
893,0.3392,0.01163
893,1.1832,0.05594
893,0.0489,0.00038
894,0.0290,0.00028
894,0.0292,0.00012
894,0.0577,0.00092
894,0.1388,0.00275
894,0.7154,0.03047
894,0.0756,0.00095
894,0.0880,0.00078
894,0.4531,0.01584
895,0.0405,0.00045
895,0.4810,0.03299
895,0.5003,0.01173
895,0.8292,0.03491
895,0.1870,0.00189
895,0.2783,0.00815
895,0.4275,0.01037
895,0.0512,0.00040
896,0.8559,0.05550
896,0.3009,0.00716
896,1.6383,0.10040
896,0.5041,0.02130
896,2.1238,0.12997
896,1.6288,0.12495
896,1.1290,0.06832
896,1.0414,0.03961
897,0.3343,0.00875
897,0.1643,0.00201
897,0.0240,0.00021
897,0.1838,0.00509
897,0.1968,0.00303
897,0.1296,0.00307
897,0.1306,0.00189
897,0.1690,0.00280
898,0.7693,0.01721
898,0.5510,0.01980
898,0.0642,0.00066
898,0.2136,0.00537
898,0.6516,0.02041
898,0.3494,0.01098
898,0.2702,0.00688
898,0.0460,0.00052
899,0.2734,0.00827
899,0.3753,0.01270
899,0.7582,0.02449
899,0.2368,0.00678
899,0.1644,0.00414
899,0.1913,0.00250
899,0.4106,0.01432
899,0.1708,0.00488
900,1.5222,0.08230
900,0.1800,0.00411
900,4.0626,0.17765
900,0.3899,0.01765
900,1.6550,0.10806
900,0.2121,0.00447
900,0.1075,0.00096
900,0.4255,0.01691
901,0.9965,0.06450
901,0.1420,0.00272
901,0.5493,0.02262
901,0.1275,0.00239
901,0.0826,0.00236
901,0.2672,0.00547
901,0.2894,0.00742
901,0.1879,0.00434
902,0.6578,0.01561
902,0.3358,0.01348
902,2.0572,0.16461
902,0.1380,0.00204
902,0.4187,0.01728
902,0.0162,0.00010
902,0.1800,0.00480
902,0.2913,0.00962
903,0.1348,0.00275
903,0.0965,0.00072
903,0.1016,0.00102
903,0.2370,0.00302
903,0.1690,0.00398
903,0.1421,0.00230
903,0.4026,0.01504
903,0.1808,0.00346
904,0.1493,0.00130
904,0.9281,0.03536
904,0.3268,0.01452
904,0.1031,0.00106
904,0.0355,0.00033
904,0.1623,0.00325
904,1.8849,0.13720
904,0.1341,0.00302
905,0.7297,0.03208
905,0.5016,0.01583
905,0.3692,0.00868
905,0.6169,0.02022
905,0.5291,0.01863
905,0.5430,0.02218
905,0.6753,0.03634
905,0.1729,0.00183
906,0.2507,0.00889
906,0.1262,0.00116
906,0.1465,0.00346
906,0.0664,0.00070
906,0.2019,0.00400
906,0.4066,0.00756
906,0.0460,0.00056
906,0.0387,0.00042
907,0.2620,0.00545
907,0.4541,0.01444
907,0.0418,0.00037
907,0.1984,0.00322
907,3.0960,0.23268
907,1.5280,0.07706
907,1.4545,0.05999
907,1.7068,0.14514
908,0.4149,0.01287
908,0.2888,0.00653
908,0.2071,0.00444
908,0.6691,0.02000
908,0.9066,0.03464
908,1.6843,0.04859
908,0.6916,0.02251
908,0.1180,0.00181
909,0.6014,0.02540
909,0.1739,0.00465
909,1.6403,0.10741
909,0.1717,0.00463
909,0.3654,0.01452
909,3.5467,0.22146
909,3.7965,0.20262
909,1.0593,0.02931
910,0.6710,0.03754
910,0.4881,0.01539
910,0.3002,0.00720
910,0.2399,0.00728
910,1.1565,0.05468
910,2.6547,0.18282
910,0.5331,0.00924
910,0.0421,0.00048
911,0.1493,0.00391
911,0.1058,0.00172
911,0.0745,0.00081
911,0.8135,0.02232
911,0.0812,0.00122
911,0.1364,0.00151
911,0.1157,0.00265
911,0.0676,0.00075
912,0.4779,0.00885
912,0.2717,0.00580
912,1.0056,0.04224
912,0.5913,0.02183
912,0.2962,0.00330
912,0.2339,0.00422
912,1.6314,0.09449
912,1.3476,0.03517
913,0.3111,0.00989
913,0.0904,0.00178
913,0.3335,0.00925
913,0.1493,0.00278
913,0.1541,0.00320
913,0.3927,0.00983
913,0.0594,0.00061
913,0.4584,0.01235
914,2.7996,0.19430
914,0.1479,0.00250
914,0.2515,0.00633
914,0.0606,0.00064
914,0.2897,0.01171
914,0.1071,0.00246
914,0.1438,0.00211
914,1.5537,0.07012
915,0.0611,0.00061
915,0.2232,0.00371
915,0.0820,0.00149
915,0.2622,0.00759
915,0.0207,0.00013
915,0.4569,0.01575
915,2.1804,0.17268
915,0.1563,0.00194
916,0.1046,0.00108
916,0.6969,0.02509
916,1.1717,0.03982
916,0.0480,0.00036
916,0.1226,0.00304
916,0.0911,0.00159
916,0.0801,0.00067
916,1.8601,0.18119
917,0.5506,0.01380
917,0.6120,0.02819
917,0.0402,0.00048
917,0.7080,0.01658
917,0.1719,0.00632
917,3.1790,0.08299
917,3.0133,0.20430
917,0.8629,0.03189
918,0.0345,0.00039
918,0.4456,0.01395
918,0.1086,0.00227
918,0.1425,0.00171
918,0.5150,0.01693
918,0.3287,0.00962
918,0.2617,0.00710
918,0.2868,0.00774
919,0.0829,0.00140
919,2.0993,0.06715
919,0.1104,0.00121
919,0.4191,0.01143
919,0.9613,0.02719
919,0.0963,0.00184
919,0.3027,0.00567
919,1.0708,0.03706
920,0.1166,0.00168
920,0.0990,0.00153
920,0.2420,0.00675
920,0.2985,0.00406
920,0.2877,0.00774
920,3.5643,0.24280
920,0.3649,0.00823
920,0.0356,0.00031
921,0.0590,0.00031
921,0.0931,0.00151
921,0.1955,0.00369
921,0.2607,0.00764
921,0.1251,0.00210
921,0.0901,0.00158
921,0.0889,0.00066
921,0.5568,0.01459
922,0.0972,0.00174
922,0.0595,0.00071
922,1.4612,0.03991
922,0.0615,0.00101
922,0.5761,0.01541
922,0.2391,0.00650
922,0.7819,0.04337
922,0.9621,0.04148
923,1.0358,0.06382
923,0.0257,0.00019
923,0.3561,0.01287
923,0.2506,0.00557
923,0.1546,0.00497
923,0.0779,0.00106
923,1.4195,0.05277
923,0.5722,0.01322
924,4.1685,0.19800
924,0.4827,0.02143
924,0.2653,0.00533
924,0.2486,0.00661
924,0.2833,0.00623
924,0.0485,0.00062
924,0.5585,0.01785
924,0.9179,0.03528
925,0.4682,0.01915
925,0.7196,0.01551
925,0.8354,0.02257
925,0.6735,0.02776
925,0.1950,0.00474
925,0.9317,0.04268
925,0.1163,0.00287
925,0.1919,0.00484
926,0.6873,0.01919
926,0.3919,0.00972
926,1.8863,0.11613
926,1.5534,0.05559
926,0.0341,0.00027
926,1.0119,0.04003
926,0.0344,0.00028
926,1.2772,0.05072
927,0.2461,0.00510
927,2.0302,0.08112
927,0.1862,0.00472
927,0.3843,0.01475
927,0.1837,0.00394
927,0.4487,0.01473
927,0.1945,0.00409
927,0.1923,0.00392
928,0.1753,0.00460
928,0.1229,0.00198
928,0.2036,0.00498
928,0.4979,0.01078
928,0.6006,0.02635
928,0.3189,0.00898
928,0.3766,0.01113
928,0.5575,0.00819
929,1.1210,0.04413
929,0.0735,0.00091
929,0.0288,0.00019
929,0.2011,0.00545
929,0.1097,0.00259
929,0.0235,0.00016
929,0.2604,0.00775
929,0.5298,0.02798
930,0.0955,0.00115
930,1.4329,0.02689
930,1.4685,0.06351
930,0.0646,0.00116
930,0.1816,0.00367
930,0.2512,0.00561
930,0.3976,0.01336
930,1.1270,0.03448
931,0.2909,0.00855
931,1.4543,0.08869
931,0.3745,0.00945
931,0.6058,0.02407
931,0.3972,0.01026
931,0.2965,0.00894
931,0.5341,0.01871
931,0.0914,0.00142
932,0.3252,0.00988
932,0.1941,0.00312
932,0.7984,0.03295
932,0.3326,0.00645
932,0.2748,0.00846
932,0.1308,0.00227
932,0.5931,0.01304
932,0.2920,0.00666
933,0.0219,0.00016
933,0.2945,0.00434
933,0.1218,0.00296
933,0.1630,0.00345
933,0.7249,0.02464
933,0.3402,0.01239
933,0.7177,0.03001
933,0.4913,0.02575
934,2.3057,0.14047
934,0.2401,0.00647
934,0.6161,0.00978
934,0.0735,0.00068
934,0.4460,0.01672
934,3.0035,0.22999
934,2.0925,0.10239
934,0.5765,0.03150
935,0.1320,0.00227
935,0.1143,0.00183
935,0.0354,0.00037
935,0.0288,0.00025
935,0.0785,0.00085
935,0.2766,0.00809
935,0.3538,0.00903
935,0.4828,0.02876
936,0.1709,0.00328
936,0.2652,0.00973
936,2.4854,0.15196
936,0.4647,0.01667
936,1.0247,0.04670
936,0.4591,0.01155
936,0.0550,0.00063
936,1.5376,0.09459
937,1.8679,0.06621
937,0.0183,0.00007
937,0.0438,0.00043
937,0.0803,0.00086
937,0.3076,0.00616
937,0.6189,0.01780
937,0.3996,0.00520
937,0.3364,0.00880
938,1.2531,0.05587
938,0.0722,0.00119
938,1.3299,0.06451
938,0.7678,0.03467
938,0.0601,0.00051
938,0.1599,0.00184
938,0.4659,0.01847
938,0.8397,0.01500
939,0.0330,0.00027
939,0.1240,0.00172
939,0.2760,0.00596
939,0.2137,0.00306
939,0.7290,0.03171
939,0.8308,0.02636
939,5.0072,0.24101
939,0.7070,0.02503
940,0.8295,0.03083
940,0.3468,0.00904
940,0.6288,0.02397
940,0.6023,0.02313
940,0.2071,0.00683
940,0.0801,0.00143
940,0.5731,0.01740
940,0.1489,0.00183
941,0.0815,0.00129
941,0.3065,0.00920
941,0.7485,0.02521
941,0.7692,0.02090
941,0.4695,0.01632
941,0.1749,0.00252
941,0.0657,0.00096
941,0.0206,0.00018
942,0.1151,0.00215
942,1.1863,0.04422
942,0.5585,0.01906
942,0.1284,0.00164
942,0.0562,0.00058
942,0.0617,0.00066
942,1.1948,0.02962
942,0.1397,0.00204
943,0.6028,0.02118
943,0.3543,0.00974
943,0.0363,0.00038
943,0.2056,0.00325
943,0.0918,0.00146
943,1.7836,0.10902
943,0.4487,0.02021
943,0.2522,0.00652
944,0.4157,0.00666
944,0.1394,0.00266
944,0.0891,0.00117
944,0.0199,0.00015
944,0.5856,0.02654
944,0.3733,0.00958
944,0.7956,0.04348
944,0.0581,0.00040
945,1.5008,0.11456
945,0.0568,0.00079
945,1.3457,0.05623
945,1.3369,0.10072
945,0.3803,0.00767
945,0.1181,0.00266
945,0.1796,0.00367
945,0.5234,0.01881
946,0.7193,0.01810
946,0.7627,0.03598
946,1.1563,0.05085
946,0.5632,0.02402
946,1.7863,0.08598
946,0.0768,0.00051
946,0.7870,0.02789
946,0.2870,0.00521
947,0.8444,0.02642
947,0.0855,0.00126
947,1.3177,0.03270
947,0.2092,0.00709
947,4.1138,0.20593
947,0.5498,0.02279
947,0.7711,0.02372
947,3.0246,0.18134
948,0.0550,0.00067
948,1.5689,0.10849
948,0.1058,0.00208
948,1.8106,0.10988
948,0.1139,0.00084
948,0.3107,0.01161
948,0.2910,0.00824
948,0.5884,0.02829
949,1.9210,0.16927
949,0.3920,0.01175
949,0.5541,0.02049
949,0.7869,0.01427
949,0.5795,0.02858
949,0.6766,0.04266
949,7.3289,0.27457
949,0.3761,0.01279
950,0.1758,0.00437
950,0.4190,0.01308
950,3.1104,0.16752
950,0.0957,0.00163
950,0.5760,0.02155
950,1.8723,0.04445
950,0.3570,0.00757
950,0.1165,0.00272
951,0.4740,0.01751
951,0.3060,0.00713
951,2.3519,0.08535
951,2.1075,0.18146
951,0.4966,0.01890
951,0.0439,0.00038
951,0.8126,0.02845
951,0.2614,0.00863
952,0.6223,0.02417
952,12.8759,0.17305
952,1.1014,0.05594
952,0.1168,0.00209
952,2.0737,0.11622
952,0.2117,0.00546
952,0.5372,0.01619
952,0.1953,0.00431
953,1.5752,0.06759
953,0.0434,0.00051
953,0.0922,0.00131
953,0.1683,0.00188
953,0.1701,0.00451
953,0.2418,0.00425
953,0.0784,0.00058
953,0.7592,0.03395
954,0.0631,0.00065
954,0.1076,0.00098
954,0.4799,0.01562
954,0.4588,0.01642
954,0.2029,0.00259
954,0.0687,0.00090
954,0.1918,0.00358
954,0.0335,0.00038
955,0.2876,0.00737
955,1.5119,0.03296
955,0.4367,0.01128
955,0.1248,0.00127
955,0.1789,0.00311
955,0.6131,0.01979
955,0.3414,0.00523
955,0.1143,0.00152
956,0.6801,0.01676
956,4.9282,0.12855
956,0.2964,0.00785
956,0.1188,0.00240
956,0.1316,0.00228
956,0.0791,0.00169
956,0.3569,0.00887
956,2.9905,0.11170
957,0.1089,0.00108
957,0.4641,0.01579
957,0.1159,0.00145
957,0.0633,0.00092
957,19.7553,0.22755
957,2.3974,0.17292
957,0.0832,0.00143
957,0.0602,0.00070
958,1.8867,0.11175
958,1.2845,0.05675
958,0.1032,0.00199
958,0.6343,0.01790
958,1.3999,0.06086
958,0.1829,0.00366
958,1.7593,0.02856
958,2.0728,0.13437
959,0.0107,0.00005
959,0.2978,0.00536
959,2.4262,0.16764
959,0.4073,0.00557
959,0.0739,0.00076
959,0.3211,0.00774
959,0.0474,0.00039
959,0.0272,0.00019
960,0.6539,0.03321
960,0.1771,0.00351
960,0.0591,0.00089
960,0.0066,0.00003
960,0.1008,0.00276
960,0.5451,0.02034
960,0.0851,0.00133
960,0.3380,0.00961
961,0.0716,0.00092
961,0.4904,0.01564
961,0.2179,0.00466
961,0.5418,0.01506
961,0.3548,0.00927
961,0.0793,0.00100
961,0.2624,0.00724
961,0.7962,0.04297
962,2.0218,0.13766
962,0.3099,0.01074
962,0.0298,0.00029
962,0.1985,0.00469
962,0.6494,0.01793
962,0.2815,0.00557
962,0.4607,0.01138
962,0.1151,0.00167
963,0.3021,0.00255
963,0.7271,0.03393
963,0.0913,0.00076
963,0.3435,0.00789
963,3.0631,0.18537
963,0.1142,0.00239
963,0.0949,0.00144
963,0.3059,0.00360
964,0.6451,0.04044
964,0.1023,0.00097
964,0.9576,0.02674
964,1.0926,0.05423
964,0.0965,0.00179
964,0.4144,0.01325
964,0.5235,0.01931
964,0.4025,0.01004
965,0.3502,0.00530
965,0.3083,0.00996
965,0.2040,0.00472
965,0.6795,0.03109
965,1.1292,0.08104
965,0.5044,0.02059
965,0.7281,0.02244
965,0.3615,0.01060
966,0.4182,0.01032
966,0.1587,0.00324
966,2.2279,0.08911
966,0.0679,0.00133
966,0.9185,0.04653
966,0.7552,0.02881
966,0.1722,0.00386
966,0.0256,0.00019
967,0.3170,0.00820
967,0.8657,0.04658
967,0.0329,0.00031
967,0.6319,0.03335
967,0.4688,0.02110
967,1.8616,0.11148
967,0.2065,0.00626
967,0.0680,0.00069
968,0.2455,0.00635
968,0.2951,0.00620
968,0.6332,0.00809
968,0.1234,0.00175
968,0.4984,0.00683
968,0.3221,0.00842
968,0.2852,0.00871
968,0.2538,0.00690
969,4.4628,0.20141
969,0.0632,0.00066
969,0.2760,0.01011
969,0.1235,0.00243
969,0.6157,0.02421
969,0.2440,0.00484
969,0.3100,0.01124
969,0.3018,0.00811
970,0.5520,0.01636
970,0.2311,0.00545
970,0.1048,0.00176
970,0.0880,0.00137
970,0.0915,0.00184
970,0.0203,0.00017
970,1.0635,0.04217
970,0.6320,0.01131
971,0.5530,0.01689
971,0.4470,0.01220
971,0.1127,0.00188
971,0.2239,0.00581
971,0.2753,0.00667
971,0.1191,0.00172
971,0.1021,0.00152
971,0.5874,0.01397
972,0.4146,0.01367
972,1.1663,0.05865
972,0.1284,0.00237
972,0.6117,0.01248
972,0.8627,0.04665
972,0.4157,0.00702
972,0.2431,0.00464
972,0.1854,0.00224
973,0.5056,0.01255
973,0.3880,0.01723
973,0.0327,0.00024
973,1.4375,0.09977
973,0.1210,0.00139
973,1.1834,0.04371
973,0.4630,0.01454
973,0.3591,0.01003
974,0.8730,0.03833
974,1.9105,0.10472
974,0.3555,0.01389
974,1.2168,0.05764
974,0.0677,0.00066
974,0.2274,0.00421
974,0.4223,0.01184
974,0.1151,0.00215
975,0.2490,0.00591
975,0.7573,0.02648
975,0.2248,0.00421
975,0.0568,0.00065
975,0.1522,0.00255
975,0.2212,0.00548
975,0.1761,0.00448
975,1.2774,0.07912
976,0.0919,0.00158
976,0.0619,0.00057
976,1.9294,0.11929
976,1.1888,0.06727
976,0.1079,0.00245
976,4.7088,0.17917
976,0.0818,0.00068
976,0.0335,0.00031
977,1.4918,0.08570
977,0.6223,0.02075
977,0.6482,0.01217
977,0.3996,0.00888
977,0.1408,0.00280
977,0.8391,0.01713
977,0.5232,0.02650
977,0.2668,0.00351
978,0.0505,0.00068
978,0.7597,0.01101
978,1.3422,0.06003
978,0.5462,0.01858
978,0.1971,0.00304
978,0.2767,0.00869
978,0.0275,0.00014
978,0.5648,0.01658
979,0.5132,0.01236
979,0.1079,0.00222
979,0.5021,0.01381
979,0.5198,0.01389
979,0.5068,0.01650
979,0.0688,0.00062
979,0.4614,0.01994
979,0.2002,0.00320
980,0.0514,0.00067
980,0.4453,0.01045
980,1.2380,0.05461
980,0.3498,0.01206
980,0.5552,0.01530
980,0.3713,0.00857
980,0.2697,0.00333
980,0.2244,0.00552
981,0.2991,0.00735
981,0.5628,0.01304
981,1.2515,0.08143
981,0.2286,0.00441
981,0.1199,0.00251
981,0.6932,0.02732
981,0.4390,0.01386
981,0.0562,0.00068
982,0.0453,0.00026
982,0.0478,0.00049
982,9.3173,0.23898
982,0.1945,0.00209
982,0.0254,0.00018
982,0.0223,0.00022
982,0.9348,0.02343
982,0.6239,0.01852
983,0.1876,0.00321
983,0.4045,0.01185
983,2.8270,0.10027
983,0.1611,0.00262
983,5.2817,0.19448
983,0.2613,0.00806
983,0.2793,0.00334
983,0.0330,0.00034
984,0.8712,0.04570
984,0.0304,0.00036
984,0.5049,0.01328
984,2.4492,0.22668
984,3.7949,0.14264
984,2.6897,0.15263
984,2.8153,0.07971
984,0.4344,0.01102
985,0.6169,0.03199
985,0.0638,0.00104
985,0.3256,0.00670
985,1.2744,0.04491
985,0.4108,0.00979
985,0.2725,0.00819
985,0.3765,0.00913
985,1.9971,0.16567
986,0.2322,0.00472
986,0.0422,0.00056
986,0.2435,0.00527
986,0.2900,0.01058
986,1.5474,0.07367
986,8.2879,0.17839
986,0.2650,0.00377
986,0.2252,0.00542
987,2.4920,0.12257
987,0.2121,0.00226
987,2.6023,0.08165
987,0.2024,0.00339
987,2.6463,0.12061
987,0.3862,0.00661
987,0.7909,0.02901
987,0.1353,0.00222
988,0.5994,0.02314
988,0.2886,0.00719
988,0.2252,0.00650
988,3.6279,0.19763
988,0.6506,0.01708
988,0.0681,0.00108
988,0.3202,0.01266
988,0.0650,0.00096
989,0.3217,0.00848
989,1.8288,0.09489
989,1.1438,0.04884
989,0.3247,0.01263
989,0.1111,0.00187
989,1.1267,0.08101
989,0.2452,0.00442
989,0.4533,0.01821
990,0.2981,0.00467
990,4.6481,0.29227
990,0.5096,0.02231
990,0.3687,0.01411
990,0.0943,0.00106
990,0.0311,0.00023
990,0.0128,0.00006
990,0.2699,0.00697
991,0.2454,0.00493
991,0.0749,0.00104
991,0.5073,0.01848
991,0.3058,0.00921
991,0.2311,0.00682
991,0.8638,0.01500
991,0.0846,0.00107
991,0.8491,0.03615
992,0.0799,0.00089
992,0.1304,0.00268
992,0.1707,0.00364
992,0.0684,0.00069
992,0.5348,0.01994
992,0.1588,0.00217
992,0.0818,0.00117
992,1.0115,0.05056
993,0.1592,0.00268
993,0.3002,0.00404
993,1.0576,0.06806
993,0.3525,0.00597
993,1.4522,0.07488
993,0.0506,0.00044
993,0.1512,0.00382
993,0.5181,0.01996
994,0.0937,0.00206
994,0.7243,0.03457
994,0.3676,0.00702
994,0.0805,0.00095
994,2.7417,0.13540
994,0.4288,0.01015
994,0.7740,0.00931
994,2.7173,0.10119
995,0.7295,0.03771
995,0.4300,0.00995
995,1.0511,0.03028
995,0.8338,0.03797
995,0.1102,0.00160
995,0.3171,0.01003
995,0.3005,0.00990
995,0.3892,0.01125
996,0.0555,0.00053
996,0.1320,0.00384
996,3.8252,0.27284
996,0.4476,0.01064
996,0.3189,0.00614
996,1.2253,0.05950
996,0.0192,0.00011
996,0.2240,0.00583
997,0.3697,0.01446
997,0.9663,0.04320
997,1.1768,0.04793
997,0.8175,0.02874
997,2.1152,0.06316
997,0.6699,0.02800
997,0.1342,0.00210
997,0.1020,0.00203
998,0.1246,0.00246
998,0.2189,0.00261
998,0.1125,0.00184
998,0.4941,0.01753
998,0.1615,0.00296
998,1.1183,0.03142
998,0.3879,0.01260
998,0.0687,0.00118
999,0.1551,0.00417
999,2.2157,0.13369
999,0.0185,0.00015
999,0.0377,0.00034
999,0.1309,0.00185
999,0.1983,0.00287
999,2.2820,0.10029
999,0.1826,0.00369
1000,0.0459,0.00036
1000,0.9113,0.03274
1000,0.0872,0.00178
1000,0.5743,0.02315
1000,0.1648,0.00425
1000,0.0399,0.00029
1000,0.0859,0.00099
1000,0.1042,0.00203
